##
#  file: HodoParam_e63_20251026
#  date: 2024.12.04
#  note: 2023.07.15 after readjustment of BFT Tdc <- HodoParam_e70_20230620
#  note: 2024.04.11 after adjustment of AFT HDPRM(run70333) <- HodoParam_e70_20230715
#  note: 2024.05.02 after adjustment of TOF HDPRM(run71192) <- HodoParam_e70_20240411
#  note: 2024.05.02 after adjustment of TOF AbsTime(run71192) <- HodoParam_e70_20240502
#  note: 2024.05.04 after adjustment of TOF HDPRM(run71400) <- HodoParam_e70_20240502_2
#  note: 2024.05.06 after adjustment of TOF AbsTime(run71400) <- HodoParam_e70_20240504
#  note: 2024.07.11 after adjustment of BH12 AbsTime(run71400) <- HodoParam_e70_20240506
#  note: 2024.07.12 after adjustment of TOF AbsTime(run71400) <- HodoParam_e70_20240711
#  note: 2024.11.01 after adjustment of AFT Tdc, Adc(run71287) <- HodoParam_e70_20240712
#  note: 2024.12.04 after adjustment of AFT Tdc, Adc(run71287) w/ new CMAP <- HodoParam_e70_20241101
#  note: 2025.10.26 after adding E63 Range Counter <- HodoParam_e63_20251026
#
#######################################################################
# CId   PlId    SegId   AorT    UorD    p0      p1
#
#########################################################
# BH1 Adc Up                                            #
#########################################################
1	0	0	0	0	78.2323	371.637
1	0	1	0	0	65.8965	416.851
1	0	2	0	0	125.36 	387.433
1	0	3	0	0	96.7696	255.424
1	0	4	0	0	124.354	299.521
1	0	5	0	0	94.6595	283.755
1	0	6	0	0	114.295	292.017
1	0	7	0	0	108.63 	232.584
1	0	8	0	0	142.743	369.845
1	0	9	0	0	116.632	477.882
1	0	10	0	0	78.5211	445.207
#########################################################
# BH1 Adc Down                                          #
#########################################################
1	0	0	0	1	107.589 434.099
1	0	1	0	1	77.4497	411.649
1	0	2	0	1	89.6891	336.943
1	0	3	0	1	100.014	339.987
1	0	4	0	1	148.174	196.876
1	0	5	0	1	109.796	290.88
1	0	6	0	1	100.784	281.512
1	0	7	0	1	115.068	206.226
1	0	8	0	1	74.7132	457.552
1	0	9	0	1	93.944 	360.952
1	0	10	0	1	114.398	406.504
#########################################################
# BH1 Tdc Up                                          #
#########################################################
1	0	0	1	0	254800	-0.0009765625
1	0	1	1	0	497805	-0.0009765625
1	0	2	1	0	497983	-0.0009765625
1	0	3	1	0	496881	-0.0009765625
1	0	4	1	0	498266	-0.0009765625
1	0	5	1	0	498541	-0.0009765625
1	0	6	1	0	498689	-0.0009765625
1	0	7	1	0	497852	-0.0009765625
1	0	8	1	0	499333	-0.0009765625
1	0	9	1	0	498768	-0.0009765625
1	0	10	1	0	499008	-0.0009765625
#########################################################
# BH1 Tdc Down                                          #
#########################################################
1	0	0	1	1	498050	-0.0009765625
1	0	1	1	1	498342	-0.0009765625
1	0	2	1	1	498127	-0.0009765625
1	0	3	1	1	497805	-0.0009765625
1	0	4	1	1	498546	-0.0009765625
1	0	5	1	1	498697	-0.0009765625
1	0	6	1	1	499068	-0.0009765625
1	0	7	1	1	497786	-0.0009765625
1	0	8	1	1	499501	-0.0009765625
1	0	9	1	1	498760	-0.0009765625
1	0	10	1	1	498950	-0.0009765625
#########################################################
# BH2 Adc Up                                            #
#########################################################
2	0	0	0	0	100.000	500.000
2	0	1	0	0	100.000	500.000
2	0	2	0	0	100.000	500.000
2	0	3	0	0	100.000	500.000
2	0	4	0	0	100.000	500.000
2	0	5	0	0	100.000	500.000
2	0	6	0	0	100.000	500.000
2	0	7	0	0	100.000	500.000
#########################################################
# BH2 Adc Down                                          #
#########################################################
2	0	0	0	1	100.000	500.000
2	0	1	0	1	100.000	500.000
2	0	2	0	1	100.000	500.000
2	0	3	0	1	100.000	500.000
2	0	4	0	1	100.000	500.000
2	0	5	0	1	100.000	500.000
2	0	6	0	1	100.000	500.000
2	0	7	0	1	100.000	500.000
#########################################################
# BH2 Tdc Up                                          #
#########################################################
2	0	0	1	0	270058	-0.0009765625
2	0	1	1	0	270669	-0.0009765625
2	0	2	1	0	270118	-0.0009765625
2	0	3	1	0	270298	-0.0009765625
2	0	4	1	0	270817	-0.0009765625
2	0	5	1	0	270979	-0.0009765625
2	0	6	1	0	270784	-0.0009765625
2	0	7	1	0	270437	-0.0009765625
#########################################################
# BH2 Tdc Down                                          #
#########################################################
2	0	0	1	1	271804	-0.0009765625
2	0	1	1	1	271316	-0.0009765625
2	0	2	1	1	271498	-0.0009765625
2	0	3	1	1	269832	-0.0009765625
2	0	4	1	1	270497	-0.0009765625
2	0	5	1	1	269425	-0.0009765625
2	0	6	1	1	270542	-0.0009765625
2	0	7	1	1	270171	-0.0009765625
#########################################################
# BH2 cable offset                                      #
#########################################################
2	0	0	1	2	0.190453	1.0000000000
2	0	1	1	2	-0.121519	1.0000000000
2	0	2	1	2	-0.092776	1.0000000000
2	0	3	1	2	-0.000000	1.0000000000
2	0	4	1	2	-0.140766	1.0000000000
2	0	5	1	2	0.272527	1.0000000000
2	0	6	1	2	-0.138708	1.0000000000
2	0	7	1	2	0.122045	1.0000000000
#########################################################
# BAC Adc                                               #
#########################################################
3	0	0	0	0	100	500
#########################################################
# BAC Tdc                                               #
#########################################################
3	0	0	1	0	1156  -0.8333
#########################################################
# TOF Adc Up                                            #
#########################################################
7	0	0	0	0	136.157	782.783
7	0	1	0	0	139.706	736.602
7	0	2	0	0	152.152	818.246
7	0	3	0	0	117.679	742.136
7	0	4	0	0	147.449	634.048
7	0	5	0	0	143.414	742.231
7	0	6	0	0	140.276	860.774
7	0	7	0	0	123.19 	886.994
7	0	8	0	0	128.763	789.157
7	0	9	0	0	111.861	491.891
7	0	10	0	0	138.229	663.208
7	0	11	0	0	146.098	699.281
7	0	12	0	0	145.69 	578.718
7	0	13	0	0	120.449	527.972
7	0	14	0	0	131.178	656.229
7	0	15	0	0	111.082	617.647
7	0	16	0	0	118.765	727.337
7	0	17	0	0	114.751	652.967
7	0	18	0	0	130.765	577.995
7	0	19	0	0	104.935	596.54
7	0	20	0	0	143.983	552.735
7	0	21	0	0	97.647 	604.312
7	0	22	0	0	113.34 	826.279
7	0	23	0	0	142.880	701.268
#########################################################
# TOF Adc Down                                          #
#########################################################
7	0	0	0	1	123.232 755.142
7	0	1	0	1	139.192 763.31
7	0	2	0	1	95.427 	794.832
7	0	3	0	1	127.289	864.75
7	0	4	0	1	114.603	751.852
7	0	5	0	1	123.999	939.864
7	0	6	0	1	111.354	848.633
7	0	7	0	1	125.757	814.543
7	0	8	0	1	105.599	718.752
7	0	9	0	1	112.543	666.245
7	0	10	0	1	128.412	580.469
7	0	11	0	1	119.164	713.161
7	0	12	0	1	101.94 	696.469
7	0	13	0	1	149.778	690.59
7	0	14	0	1	108.103	638.502
7	0	15	0	1	137.141	669.503
7	0	16	0	1	113.171	635.023
7	0	17	0	1	130.408	745.235
7	0	18	0	1	136.86 	671.335
7	0	19	0	1	108.846	616.546
7	0	20	0	1	121.855	657.132
7	0	21	0	1	103.861	583.848
7	0	22	0	1	108.231	736.708
7	0	23	0	1	128.304	602.123
############################################################
# TOF Tdc Up                                             #
############################################################
7	0	0	1	0	272098	-0.0009765625
7	0	1	1	0	269063	-0.0009765625
7	0	2	1	0	272512	-0.0009765625
7	0	3	1	0	273293	-0.0009765625
7	0	4	1	0	271125	-0.0009765625
7	0	5	1	0	272889	-0.0009765625
7	0	6	1	0	273885	-0.0009765625
7	0	7	1	0	272615	-0.0009765625
7	0	8	1	0	273740	-0.0009765625
7	0	9	1	0	271942	-0.0009765625
7	0	10	1	0	273516	-0.0009765625
7	0	11	1	0	271112	-0.0009765625
7	0	12	1	0	271135	-0.0009765625
7	0	13	1	0	268575	-0.0009765625
7	0	14	1	0	272063	-0.0009765625
7	0	15	1	0	270683	-0.0009765625
7	0	16	1	0	276664	-0.0009765625
7	0	17	1	0	273043	-0.0009765625
7	0	18	1	0	261847	-0.0009765625
############################################################
# TOF Tdc Down                                             #
############################################################
7	0	0	1	1	274286	-0.0009765625
7	0	1	1	1	274626	-0.0009765625
7	0	2	1	1	276163	-0.0009765625
7	0	3	1	1	275410	-0.0009765625
7	0	4	1	1	274554	-0.0009765625
7	0	5	1	1	275785	-0.0009765625
7	0	6	1	1	277724	-0.0009765625
7	0	7	1	1	278178	-0.0009765625
7	0	8	1	1	276920	-0.0009765625
7	0	9	1	1	275865	-0.0009765625
7	0	10	1	1	276056	-0.0009765625
7	0	11	1	1	274870	-0.0009765625
7	0	12	1	1	274124	-0.0009765625
7	0	13	1	1	273514	-0.0009765625
7	0	14	1	1	273853	-0.0009765625
7	0	15	1	1	275252	-0.0009765625
7	0	16	1	1	274897	-0.0009765625
7	0	17	1	1	273041	-0.0009765625
7	0	18	1	1	243420	-0.0009765625
######################################################
### VTOF
######################################################
7	0	0	1	2	3.4	-1
7	0	1	1	2	3.4	-1
7	0	2	1	2	3.4	-1
7	0	3	1	2	3.4	-1
7	0	4	1	2	3.4	-1
7	0	5	1	2	3.4	-1
7	0	6	1	2	3.4	-1
7	0	7	1	2	3.4	-1
7	0	8	1	2	3.4	-1
7	0	9	1	2	3.4	-1
7	0	10	1	2	3.4	-1
7	0	11	1	2	3.4	-1
7	0	12	1	2	3.4	-1
7	0	13	1	2	3.4	-1
7	0	14	1	2	3.4	-1
7	0	15	1	2	3.4	-1
7	0	16	1	2	3.4	-1
7	0	17	1	2	3.4	-1
7	0	18	1	2	3.4	-1
7	0	19	1	2	3.4	-1
7	0	20	1	2	3.4	-1
7	0	21	1	2	3.4	-1
7	0	22	1	2	3.4	-1
7	0	23	1	2	3.4	-1
#########################################################
# AC1 Tdc                                               #
#########################################################
14	0	0	1	0	264.632		-0.8333
14	0	1	1	0	264.262		-0.8333
14	0	2	1	0	264.444		-0.8333
14	0	3	1	0	262.44 		-0.8333
14	0	4	1	0	264.591		-0.8333
14	0	5	1	0	262.095		-0.8333
14	0	6	1	0	265.075		-0.8333
14	0	7	1	0	264.418		-0.8333
14	0	8	1	0	265.543		-0.8333
14	0	9	1	0	263.758		-0.8333
14	0	10	1	0	262.765		-0.8333
14	0	11	1	0	264.218		-0.8333
14	0	12	1	0	264.326		-0.8333
14	0	13	1	0	263.626		-0.8333
14	0	14	1	0	261.617		-0.8333
14	0	15	1	0	263.687		-0.8333
14	0	16	1	0	264.802		-0.8333
14	0	17	1	0	263.953		-0.8333
14	0	18	1	0	263.953		-0.8333
14	0	19	1	0	263.953		-0.8333
14	0	20	1	0	263.953		-0.8333
14	0	21	1	0	263.953		-0.8333
#########################################################
# WC Adc Up                                             #
#########################################################
13	0	0	0	0	277.213    322.613
13	0	1	0	0	142.163    187.563
13	0	2	0	0	291.906    337.306
13	0	3	0	0	162.43     207.83
13	0	4	0	0	263.358    308.758
13	0	5	0	0	180.357    225.757
13	0	6	0	0	205.949    251.349
13	0	7	0	0	279.856    325.256
13	0	8	0	0	249.617    295.017
13	0	9	0	0	290.162    335.562
13	0	10	0	0	242.805    288.205
13	0	11	0	0	88.7676    134.168
#########################################################
# WC Adc Down                                           #
#########################################################
13	0	0	0	1	169.812    215.212
13	0	1	0	1	122.068    167.468
13	0	2	0	1	131.469    176.869
13	0	3	0	1	185.777    231.177
13	0	4	0	1	181.172    226.572
13	0	5	0	1	138.339    183.739
13	0	6	0	1	158.581    203.981
13	0	7	0	1	155.785    201.185
13	0	8	0	1	140.002    185.402
13	0	9	0	1	181.385    226.785
13	0	10	0	1	175.433    220.833
13	0	11	0	1	158.362    203.762
#########################################################
# WC Tdc Up                                             #
#########################################################
13	0	0	1	0	264.632		-0.8333
13	0	1	1	0	264.262		-0.8333
13	0	2	1	0	264.444		-0.8333
13	0	3	1	0	262.44 		-0.8333
13	0	4	1	0	264.591		-0.8333
13	0	5	1	0	262.095		-0.8333
13	0	6	1	0	265.075		-0.8333
13	0	7	1	0	264.418		-0.8333
13	0	8	1	0	265.543		-0.8333
13	0	9	1	0	263.758		-0.8333
13	0	10	1	0	262.765		-0.8333
13	0	11	1	0	264.218		-0.8333
#########################################################
# WC Tdc Down                                           #
#########################################################
13	0	0	1	1	266.558		-0.8333
13	0	1	1	1	264.282		-0.8333
13	0	2	1	1	263.876		-0.8333
13	0	3	1	1	264.148		-0.8333
13	0	4	1	1	263.198		-0.8333
13	0	5	1	1	262.901		-0.8333
13	0	6	1	1	266.543		-0.8333
13	0	7	1	1	265.384		-0.8333
13	0	8	1	1	265.255		-0.8333
13	0	9	1	1	263.428		-0.8333
13	0	10	1	1	264.592		-0.8333
13	0	11	1	1	262.015		-0.8333
#########################################################
# WC SUM Adc                                            #
#########################################################
13	0	0	0	2	357.162    379.962
13	0	1	0	2	234.087    256.887
13	0	2	0	2	356.191    378.991
13	0	3	0	2	441.846    464.646
13	0	4	0	2	373.337    396.137
13	0	5	0	2	651.894    674.694
13	0	6	0	2	480.702    503.502
13	0	7	0	2	298.91     321.71
13	0	8	0	2	305.45     328.25
13	0	9	0	2	294.197    316.997
13	0	10	0	2	291.751    314.551
13	0	11	0	2	182.184    204.984
#########################################################
# WC SUM Tdc                                            #
#########################################################
13	0	0	1	2	272.498		-0.8333
13	0	1	1	2	270.587		-0.8333
13	0	2	1	2	271.011		-0.8333
13	0	3	1	2	271.123		-0.8333
13	0	4	1	2	270.28 		-0.8333
13	0	5	1	2	270.162		-0.8333
13	0	6	1	2	271.963		-0.8333
13	0	7	1	2	271.628		-0.8333
13	0	8	1	2	271.599		-0.8333
13	0	9	1	2	270.006		-0.8333
13	0	10	1	2	271.534		-0.8333
13	0	11	1	2	269.025		-0.8333
############################################################
# BFT-U Tdc                                                #
############################################################
110	0	0	1	0	689.672	-1
110	0	1	1	0	691.205	-1
110	0	2	1	0	689.114	-1
110	0	3	1	0	689.95	-1
110	0	4	1	0	689.38	-1
110	0	5	1	0	691.76	-1
110	0	6	1	0	689.223	-1
110	0	7	1	0	692.463	-1
110	0	8	1	0	689.25	-1
110	0	9	1	0	692.3	-1
110	0	10	1	0	690.211	-1
110	0	11	1	0	693.363	-1
110	0	12	1	0	689.29	-1
110	0	13	1	0	693.438	-1
110	0	14	1	0	690.304	-1
110	0	15	1	0	693.094	-1
110	0	16	1	0	690.461	-1
110	0	17	1	0	693.492	-1
110	0	18	1	0	689.704	-1
110	0	19	1	0	690.271	-1
110	0	20	1	0	690.78	-1
110	0	21	1	0	693.228	-1
110	0	22	1	0	689.915	-1
110	0	23	1	0	692.196	-1
110	0	24	1	0	690.981	-1
110	0	25	1	0	693.821	-1
110	0	26	1	0	689.853	-1
110	0	27	1	0	692.073	-1
110	0	28	1	0	689.71	-1
110	0	29	1	0	693.616	-1
110	0	30	1	0	690.001	-1
110	0	31	1	0	692.182	-1
110	0	32	1	0	690.519	-1
110	0	33	1	0	690.481	-1
110	0	34	1	0	690.072	-1
110	0	35	1	0	692.474	-1
110	0	36	1	0	690.108	-1
110	0	37	1	0	693.972	-1
110	0	38	1	0	688.787	-1
110	0	39	1	0	691.576	-1
110	0	40	1	0	688.915	-1
110	0	41	1	0	692.932	-1
110	0	42	1	0	688.863	-1
110	0	43	1	0	692.388	-1
110	0	44	1	0	689.382	-1
110	0	45	1	0	692.972	-1
110	0	46	1	0	688.944	-1
110	0	47	1	0	692.679	-1
110	0	48	1	0	689.79	-1
110	0	49	1	0	693.894	-1
110	0	50	1	0	689.604	-1
110	0	51	1	0	691.656	-1
110	0	52	1	0	689.837	-1
110	0	53	1	0	692.329	-1
110	0	54	1	0	688.974	-1
110	0	55	1	0	691.782	-1
110	0	56	1	0	690.096	-1
110	0	57	1	0	693.183	-1
110	0	58	1	0	689.303	-1
110	0	59	1	0	692.563	-1
110	0	60	1	0	688.413	-1
110	0	61	1	0	691.315	-1
110	0	62	1	0	688.579	-1
110	0	63	1	0	690.801	-1
110	0	64	1	0	687.526	-1
110	0	65	1	0	689.086	-1
110	0	66	1	0	688.969	-1
110	0	67	1	0	688.888	-1
110	0	68	1	0	688.25	-1
110	0	69	1	0	689.849	-1
110	0	70	1	0	688.077	-1
110	0	71	1	0	690.139	-1
110	0	72	1	0	688.058	-1
110	0	73	1	0	689.77	-1
110	0	74	1	0	689.387	-1
110	0	75	1	0	690.404	-1
110	0	76	1	0	688.899	-1
110	0	77	1	0	690.291	-1
110	0	78	1	0	689.133	-1
110	0	79	1	0	690.016	-1
110	0	80	1	0	690.15	-1
110	0	81	1	0	691.295	-1
110	0	82	1	0	689.647	-1
110	0	83	1	0	690.516	-1
110	0	84	1	0	689.998	-1
110	0	85	1	0	691.11	-1
110	0	86	1	0	688.849	-1
110	0	87	1	0	690.644	-1
110	0	88	1	0	690.345	-1
110	0	89	1	0	691.322	-1
110	0	90	1	0	688.929	-1
110	0	91	1	0	689.912	-1
110	0	92	1	0	690.984	-1
110	0	93	1	0	691.656	-1
110	0	94	1	0	689.451	-1
110	0	95	1	0	690.292	-1
110	0	96	1	0	690.079	-1
110	0	97	1	0	691.238	-1
110	0	98	1	0	688.765	-1
110	0	99	1	0	690.146	-1
110	0	100	1	0	690.484	-1
110	0	101	1	0	691.265	-1
110	0	102	1	0	689.356	-1
110	0	103	1	0	689.59	-1
110	0	104	1	0	688.848	-1
110	0	105	1	0	690.413	-1
110	0	106	1	0	689.306	-1
110	0	107	1	0	689.927	-1
110	0	108	1	0	689.514	-1
110	0	109	1	0	690.563	-1
110	0	110	1	0	688.227	-1
110	0	111	1	0	689.505	-1
110	0	112	1	0	690.051	-1
110	0	113	1	0	691.559	-1
110	0	114	1	0	689.81	-1
110	0	115	1	0	689.666	-1
110	0	116	1	0	690.075	-1
110	0	117	1	0	691.005	-1
110	0	118	1	0	688.365	-1
110	0	119	1	0	688.756	-1
110	0	120	1	0	689.892	-1
110	0	121	1	0	689.923	-1
110	0	122	1	0	689.464	-1
110	0	123	1	0	689.67	-1
110	0	124	1	0	689.568	-1
110	0	125	1	0	687.204	-1
110	0	126	1	0	688.905	-1
110	0	127	1	0	689.337	-1
110	0	128	1	0	689.475	-1
110	0	129	1	0	689.504	-1
110	0	130	1	0	687.912	-1
110	0	131	1	0	687.765	-1
110	0	132	1	0	690.204	-1
110	0	133	1	0	690.583	-1
110	0	134	1	0	687.761	-1
110	0	135	1	0	688.437	-1
110	0	136	1	0	688.559	-1
110	0	137	1	0	689.467	-1
110	0	138	1	0	688.405	-1
110	0	139	1	0	687.996	-1
110	0	140	1	0	689.328	-1
110	0	141	1	0	689.615	-1
110	0	142	1	0	689.261	-1
110	0	143	1	0	688.699	-1
110	0	144	1	0	690.76	-1
110	0	145	1	0	690.619	-1
110	0	146	1	0	689.138	-1
110	0	147	1	0	690.187	-1
110	0	148	1	0	689.082	-1
110	0	149	1	0	689.922	-1
110	0	150	1	0	689.271	-1
110	0	151	1	0	689.851	-1
110	0	152	1	0	689.582	-1
110	0	153	1	0	690.098	-1
110	0	154	1	0	689.581	-1
110	0	155	1	0	689.125	-1
110	0	156	1	0	687.94	-1
110	0	157	1	0	687.636	-1
110	0	158	1	0	689.605	-1
110	0	159	1	0	690.088	-1
############################################################
# BFT-D Tdc                                                #
############################################################
110	1	0	1	0	689.036	-1
110	1	1	1	0	688.369	-1
110	1	2	1	0	686.517	-1
110	1	3	1	0	688.581	-1
110	1	4	1	0	688.818	-1
110	1	5	1	0	689.72	-1
110	1	6	1	0	689.58	-1
110	1	7	1	0	690.853	-1
110	1	8	1	0	688.963	-1
110	1	9	1	0	690.696	-1
110	1	10	1	0	689.059	-1
110	1	11	1	0	691.453	-1
110	1	12	1	0	689.132	-1
110	1	13	1	0	690.044	-1
110	1	14	1	0	689.56	-1
110	1	15	1	0	690.706	-1
110	1	16	1	0	690.555	-1
110	1	17	1	0	691.183	-1
110	1	18	1	0	689.357	-1
110	1	19	1	0	690.908	-1
110	1	20	1	0	690.096	-1
110	1	21	1	0	691.786	-1
110	1	22	1	0	689.224	-1
110	1	23	1	0	690.531	-1
110	1	24	1	0	690.898	-1
110	1	25	1	0	691.546	-1
110	1	26	1	0	689.392	-1
110	1	27	1	0	691.481	-1
110	1	28	1	0	690.455	-1
110	1	29	1	0	691.608	-1
110	1	30	1	0	689.238	-1
110	1	31	1	0	690.269	-1
110	1	32	1	0	690.845	-1
110	1	33	1	0	689.663	-1
110	1	34	1	0	688.912	-1
110	1	35	1	0	690.917	-1
110	1	36	1	0	690.7	-1
110	1	37	1	0	690.453	-1
110	1	38	1	0	689.487	-1
110	1	39	1	0	690.334	-1
110	1	40	1	0	689.661	-1
110	1	41	1	0	690.595	-1
110	1	42	1	0	688.342	-1
110	1	43	1	0	690.375	-1
110	1	44	1	0	689.502	-1
110	1	45	1	0	690.437	-1
110	1	46	1	0	688.062	-1
110	1	47	1	0	690.726	-1
110	1	48	1	0	690.737	-1
110	1	49	1	0	691.589	-1
110	1	50	1	0	688.456	-1
110	1	51	1	0	690.048	-1
110	1	52	1	0	689.327	-1
110	1	53	1	0	690.516	-1
110	1	54	1	0	688.71	-1
110	1	55	1	0	689.912	-1
110	1	56	1	0	689.565	-1
110	1	57	1	0	691.056	-1
110	1	58	1	0	689.637	-1
110	1	59	1	0	690.707	-1
110	1	60	1	0	688.762	-1
110	1	61	1	0	690.335	-1
110	1	62	1	0	687.921	-1
110	1	63	1	0	689.745	-1
110	1	64	1	0	687.932	-1
110	1	65	1	0	688.805	-1
110	1	66	1	0	687.411	-1
110	1	67	1	0	688.281	-1
110	1	68	1	0	687.397	-1
110	1	69	1	0	688.983	-1
110	1	70	1	0	688.648	-1
110	1	71	1	0	689.91	-1
110	1	72	1	0	688.276	-1
110	1	73	1	0	689.99	-1
110	1	74	1	0	688.081	-1
110	1	75	1	0	689.971	-1
110	1	76	1	0	689.337	-1
110	1	77	1	0	690.274	-1
110	1	78	1	0	688.322	-1
110	1	79	1	0	689.947	-1
110	1	80	1	0	690.311	-1
110	1	81	1	0	690.418	-1
110	1	82	1	0	690.042	-1
110	1	83	1	0	690.114	-1
110	1	84	1	0	689.135	-1
110	1	85	1	0	690.203	-1
110	1	86	1	0	688.65	-1
110	1	87	1	0	688.305	-1
110	1	88	1	0	690.124	-1
110	1	89	1	0	690.511	-1
110	1	90	1	0	688.059	-1
110	1	91	1	0	689.6	-1
110	1	92	1	0	690.223	-1
110	1	93	1	0	691.236	-1
110	1	94	1	0	688.617	-1
110	1	95	1	0	689.644	-1
110	1	96	1	0	689.281	-1
110	1	97	1	0	690.715	-1
110	1	98	1	0	688.942	-1
110	1	99	1	0	689.599	-1
110	1	100	1	0	690.017	-1
110	1	101	1	0	690.541	-1
110	1	102	1	0	688.396	-1
110	1	103	1	0	689.426	-1
110	1	104	1	0	689.176	-1
110	1	105	1	0	690.052	-1
110	1	106	1	0	688.693	-1
110	1	107	1	0	689.014	-1
110	1	108	1	0	689.941	-1
110	1	109	1	0	689.762	-1
110	1	110	1	0	688.083	-1
110	1	111	1	0	690.1	-1
110	1	112	1	0	690.456	-1
110	1	113	1	0	691.343	-1
110	1	114	1	0	688.488	-1
110	1	115	1	0	689.366	-1
110	1	116	1	0	689.599	-1
110	1	117	1	0	690.532	-1
110	1	118	1	0	686.716	-1
110	1	119	1	0	689.023	-1
110	1	120	1	0	689.688	-1
110	1	121	1	0	690.306	-1
110	1	122	1	0	689.294	-1
110	1	123	1	0	690.533	-1
110	1	124	1	0	688.83	-1
110	1	125	1	0	689.003	-1
110	1	126	1	0	687.96	-1
110	1	127	1	0	689.138	-1
110	1	128	1	0	688.338	-1
110	1	129	1	0	688.714	-1
110	1	130	1	0	686.726	-1
110	1	131	1	0	687.104	-1
110	1	132	1	0	688.656	-1
110	1	133	1	0	688.78	-1
110	1	134	1	0	687.716	-1
110	1	135	1	0	687.984	-1
110	1	136	1	0	688.34	-1
110	1	137	1	0	688.085	-1
110	1	138	1	0	688.504	-1
110	1	139	1	0	688.118	-1
110	1	140	1	0	687.822	-1
110	1	141	1	0	687.532	-1
110	1	142	1	0	688.786	-1
110	1	143	1	0	689.001	-1
110	1	144	1	0	688.555	-1
110	1	145	1	0	688.112	-1
110	1	146	1	0	688.452	-1
110	1	147	1	0	689.831	-1
110	1	148	1	0	687.495	-1
110	1	149	1	0	688.382	-1
110	1	150	1	0	687.791	-1
110	1	151	1	0	688.465	-1
110	1	152	1	0	688.297	-1
110	1	153	1	0	687.624	-1
110	1	154	1	0	688.391	-1
110	1	155	1	0	688.212	-1
110	1	156	1	0	687.496	-1
110	1	157	1	0	687.213	-1
110	1	158	1	0	688.565	-1
110	1	159	1	0	689.102	-1
#########################################################
# RC HighGain                                           #
#########################################################
# RC-X_RC1U
111 2 0 1 0 766.04 853.48
111 2 1 1 0 765.37 875.62
111 2 2 1 0 769.84 840.50
111 2 3 1 0 769.86 885.84
111 2 4 1 0 767.07 878.55
111 2 5 1 0 768.70 889.72
111 2 6 1 0 768.32 896.57
111 2 7 1 0 768.96 846.50
# RC-X_RC1D
111 2 0 1 1 769.30 895.81
111 2 1 1 1 772.00 898.60
111 2 2 1 1 776.29 910.61
111 2 3 1 1 772.13 912.94
111 2 4 1 1 767.14 963.68
111 2 5 1 1 773.54 878.89
111 2 6 1 1 772.26 917.79
111 2 7 1 1 769.60 901.20
# RC-X_RC2U
111 3 0 1 0 813.96 949.17
111 3 1 1 0 806.47 876.50
111 3 2 1 0 815.67 915.57
111 3 3 1 0 812.00 953.31
111 3 4 1 0 813.96 949.17
111 3 5 1 0 811.64 951.05
111 3 6 1 0 805.73 914.21
111 3 7 1 0 813.31 930.92
# RC-X_RC2D
111 3 0 1 1 819.64 950.69
111 3 1 1 1 811.95 941.58
111 3 2 1 1 813.84 955.91
111 3 3 1 1 815.74 977.38
111 3 4 1 1 814.10 950.87
111 3 5 1 1 818.99 954.06
111 3 6 1 1 809.27 941.78
111 3 7 1 1 808.28 949.77
# RC-X_RC3U
111 4 0 1 0 827.91 931.59
111 4 1 1 0 819.30 934.37
111 4 2 1 0 829.60 939.62
111 4 3 1 0 821.71 938.23
111 4 4 1 0 825.67 936.08
111 4 5 1 0 818.07 935.16
111 4 6 1 0 821.81 928.32
111 4 7 1 0 827.58 951.27
# RC-X_RC3D
111 4 0 1 1 828.17 962.65
111 4 1 1 1 824.48 963.81
111 4 2 1 1 828.79 978.05
111 4 3 1 1 820.28 965.61
111 4 4 1 1 827.12 962.31
111 4 5 1 1 825.46 953.99
111 4 6 1 1 825.25 956.10
111 4 7 1 1 822.15 954.24
# RC+X_RC1U
111 7 0 1 0 810.27 1006.86
111 7 1 1 0 814.90 1005.23
111 7 2 1 0 817.51 1005.06
111 7 3 1 0 817.00 1006.18
111 7 4 1 0 811.51 999.75
111 7 5 1 0 818.11 1024.60
111 7 6 1 0 810.04 1002.51
111 7 7 1 0 810.12 1026.23
# RC+X_RC1D
111 7 0 1 1 807.27 1006.75
111 7 1 1 1 805.37 973.23
111 7 2 1 1 813.05 1024.47
111 7 3 1 1 817.87 1015.99
111 7 4 1 1 813.08 1008.67
111 7 5 1 1 814.02 989.16
111 7 6 1 1 814.34 994.85
111 7 7 1 1 815.67 1009.72
# RC+X_RC2U
111 8 0 1 0 817.42 995.19
111 8 1 1 0 825.52 1002.92
111 8 2 1 0 822.10 998.72
111 8 3 1 0 819.01 995.77
111 8 4 1 0 819.59 991.24
111 8 5 1 0 821.37 1010.58
111 8 6 1 0 808.94 981.30
111 8 7 1 0 820.91 1015.36
# RC+X_RC2D
111 8 0 1 1 825.25 936.55
111 8 1 1 1 817.48 995.95
111 8 2 1 1 813.83 1007.43
111 8 3 1 1 822.49 1005.57
111 8 4 1 1 823.37 1004.95
111 8 5 1 1 816.51 974.86
111 8 6 1 1 812.74 974.25
111 8 7 1 1 824.55 990.75
# RC+X_RC3U
111 9 0 1 0 807.25 1000.24
111 9 1 1 0 802.40 999.97
111 9 2 1 0 803.96 999.00
111 9 3 1 0 806.37 996.44
111 9 4 1 0 802.55 992.60
111 9 5 1 0 809.35 998.96
111 9 6 1 0 803.10 987.36
111 9 7 1 0 805.83 937.87
# RC+X_RC3D
111 9 0 1 1 803.64 1007.91
111 9 1 1 1 806.22 1023.91
111 9 2 1 1 809.52 1023.95
111 9 3 1 1 801.85 1020.77
111 9 4 1 1 795.78 995.94
111 9 5 1 1 802.77 984.78
111 9 6 1 1 808.90 1004.02 
111 9 7 1 1 797.13 1005.76
#########################################################
# AFT-U TDC                                             #
#########################################################
# X1-U
112	0	0	1	0	822.586	-1
112	0	1	1	0	824.105	-1
112	0	2	1	0	823.687	-1
112	0	3	1	0	823.535	-1
112	0	4	1	0	823.301	-1
112	0	5	1	0	823.66	-1
112	0	6	1	0	822.42	-1
112	0	7	1	0	826.705	-1
112	0	8	1	0	826.932	-1
112	0	9	1	0	826.52	-1
112	0	10	1	0	826.496	-1
112	0	11	1	0	826.67	-1
112	0	12	1	0	826.388	-1
112	0	13	1	0	826.024	-1
112	0	14	1	0	823.301	-1
112	0	15	1	0	823.31	-1
112	0	16	1	0	824.525	-1
112	0	17	1	0	824.663	-1
112	0	18	1	0	826.998	-1
112	0	19	1	0	827.683	-1
112	0	20	1	0	828.64	-1
112	0	21	1	0	827.763	-1
112	0	22	1	0	827.899	-1
112	0	23	1	0	828.896	-1
112	0	24	1	0	827.844	-1
112	0	25	1	0	823.831	-1
112	0	26	1	0	824.317	-1
112	0	27	1	0	824.253	-1
112	0	28	1	0	823.044	-1
112	0	29	1	0	823.93	-1
112	0	30	1	0	824.597	-1
112	0	31	1	0	822.646	-1
# XP1-U
112	1	0	1	0	822.48	-1
112	1	1	1	0	823.411	-1
112	1	2	1	0	822.647	-1
112	1	3	1	0	823.182	-1
112	1	4	1	0	823.257	-1
112	1	5	1	0	822.67	-1
112	1	6	1	0	822.736	-1
112	1	7	1	0	826.405	-1
112	1	8	1	0	826.035	-1
112	1	9	1	0	826.732	-1
112	1	10	1	0	826.479	-1
112	1	11	1	0	826.048	-1
112	1	12	1	0	825.482	-1
112	1	13	1	0	826.632	-1
112	1	14	1	0	822.23	-1
112	1	15	1	0	822.768	-1
112	1	16	1	0	825.379	-1
112	1	17	1	0	824.827	-1
112	1	18	1	0	827.645	-1
112	1	19	1	0	827.573	-1
112	1	20	1	0	828.005	-1
112	1	21	1	0	828.255	-1
112	1	22	1	0	828.269	-1
112	1	23	1	0	828.682	-1
112	1	24	1	0	827.753	-1
112	1	25	1	0	823.798	-1
112	1	26	1	0	824.669	-1
112	1	27	1	0	824.453	-1
112	1	28	1	0	824.058	-1
112	1	29	1	0	823.624	-1
112	1	30	1	0	823.827	-1
112	1	31	1	0	823.511	-1
# Y1-U
112	2	0	1	0	826.803	-1
112	2	1	1	0	826.932	-1
112	2	2	1	0	830.269	-1
112	2	3	1	0	830.181	-1
112	2	4	1	0	829.638	-1
112	2	5	1	0	829.757	-1
112	2	6	1	0	829.911	-1
112	2	7	1	0	829.023	-1
112	2	8	1	0	830.186	-1
112	2	9	1	0	826.04	-1
112	2	10	1	0	826.105	-1
112	2	11	1	0	826.368	-1
112	2	12	1	0	825.657	-1
112	2	13	1	0	826.213	-1
112	2	14	1	0	826.796	-1
112	2	15	1	0	826.398	-1
# YP1-U
112	3	0	1	0	826.522	-1
112	3	1	1	0	826.858	-1
112	3	2	1	0	829.792	-1
112	3	3	1	0	829.853	-1
112	3	4	1	0	829.59	-1
112	3	5	1	0	829.612	-1
112	3	6	1	0	829.535	-1
112	3	7	1	0	828.922	-1
112	3	8	1	0	829.814	-1
112	3	9	1	0	826.199	-1
112	3	10	1	0	824.762	-1
112	3	11	1	0	826.365	-1
112	3	12	1	0	826.024	-1
112	3	13	1	0	825.783	-1
112	3	14	1	0	826.137	-1
112	3	15	1	0	825.711	-1
# X2-U
112	4	0	1	0	822.883	-1
112	4	1	1	0	823.564	-1
112	4	2	1	0	823.294	-1
112	4	3	1	0	823.599	-1
112	4	4	1	0	823.501	-1
112	4	5	1	0	823.989	-1
112	4	6	1	0	822.668	-1
112	4	7	1	0	826.579	-1
112	4	8	1	0	826.092	-1
112	4	9	1	0	826.148	-1
112	4	10	1	0	826.46	-1
112	4	11	1	0	827.13	-1
112	4	12	1	0	826.209	-1
112	4	13	1	0	826.155	-1
112	4	14	1	0	823.659	-1
112	4	15	1	0	823.076	-1
112	4	16	1	0	823.271	-1
112	4	17	1	0	823.565	-1
112	4	18	1	0	826.383	-1
112	4	19	1	0	826.264	-1
112	4	20	1	0	827.427	-1
112	4	21	1	0	827.478	-1
112	4	22	1	0	827.307	-1
112	4	23	1	0	827.535	-1
112	4	24	1	0	826.602	-1
112	4	25	1	0	823.383	-1
112	4	26	1	0	822.88	-1
112	4	27	1	0	823.854	-1
112	4	28	1	0	821.945	-1
112	4	29	1	0	823.295	-1
112	4	30	1	0	823.389	-1
112	4	31	1	0	821.951	-1
# XP2-U
112	5	0	1	0	822.887	-1
112	5	1	1	0	823.405	-1
112	5	2	1	0	823.552	-1
112	5	3	1	0	823.333	-1
112	5	4	1	0	823.533	-1
112	5	5	1	0	823.18	-1
112	5	6	1	0	823.959	-1
112	5	7	1	0	826.855	-1
112	5	8	1	0	826.311	-1
112	5	9	1	0	826.498	-1
112	5	10	1	0	827.157	-1
112	5	11	1	0	826.783	-1
112	5	12	1	0	826.477	-1
112	5	13	1	0	826.808	-1
112	5	14	1	0	824.069	-1
112	5	15	1	0	823.292	-1
112	5	16	1	0	824.831	-1
112	5	17	1	0	824.485	-1
112	5	18	1	0	827.259	-1
112	5	19	1	0	827.623	-1
112	5	20	1	0	827.865	-1
112	5	21	1	0	828.544	-1
112	5	22	1	0	828.444	-1
112	5	23	1	0	828.492	-1
112	5	24	1	0	828.061	-1
112	5	25	1	0	824.291	-1
112	5	26	1	0	824.369	-1
112	5	27	1	0	824.235	-1
112	5	28	1	0	824.261	-1
112	5	29	1	0	823.226	-1
112	5	30	1	0	824.232	-1
112	5	31	1	0	823.385	-1
# Y2-U
112	6	0	1	0	827.943	-1
112	6	1	1	0	828.794	-1
112	6	2	1	0	831.813	-1
112	6	3	1	0	831.655	-1
112	6	4	1	0	830.59	-1
112	6	5	1	0	831.04	-1
112	6	6	1	0	830.771	-1
112	6	7	1	0	830.489	-1
112	6	8	1	0	831.388	-1
112	6	9	1	0	827.471	-1
112	6	10	1	0	827.713	-1
112	6	11	1	0	827.216	-1
112	6	12	1	0	826.723	-1
112	6	13	1	0	827.52	-1
112	6	14	1	0	827.959	-1
112	6	15	1	0	827.084	-1
# YP2-U
112	7	0	1	0	827.854	-1
112	7	1	1	0	828.317	-1
112	7	2	1	0	830.599	-1
112	7	3	1	0	831.347	-1
112	7	4	1	0	830.495	-1
112	7	5	1	0	831.058	-1
112	7	6	1	0	830.483	-1
112	7	7	1	0	830.306	-1
112	7	8	1	0	831.478	-1
112	7	9	1	0	826.638	-1
112	7	10	1	0	826.412	-1
112	7	11	1	0	827.687	-1
112	7	12	1	0	827.679	-1
112	7	13	1	0	828.18	-1
112	7	14	1	0	827.137	-1
112	7	15	1	0	827.56	-1
# X3-U
112	8	0	1	0	825.945	-1
112	8	1	1	0	825.978	-1
112	8	2	1	0	826.401	-1
112	8	3	1	0	825.888	-1
112	8	4	1	0	826.242	-1
112	8	5	1	0	826.58	-1
112	8	6	1	0	826.63	-1
112	8	7	1	0	830.037	-1
112	8	8	1	0	828.973	-1
112	8	9	1	0	829.817	-1
112	8	10	1	0	829.671	-1
112	8	11	1	0	829.554	-1
112	8	12	1	0	830.35	-1
112	8	13	1	0	830.607	-1
112	8	14	1	0	827.156	-1
112	8	15	1	0	826.934	-1
112	8	16	1	0	829.262	-1
112	8	17	1	0	830.092	-1
112	8	18	1	0	832.372	-1
112	8	19	1	0	832.387	-1
112	8	20	1	0	832.939	-1
112	8	21	1	0	833.37	-1
112	8	22	1	0	832.85	-1
112	8	23	1	0	833.243	-1
112	8	24	1	0	832.655	-1
112	8	25	1	0	828.486	-1
112	8	26	1	0	826.723	-1
112	8	27	1	0	828.612	-1
112	8	28	1	0	827.66	-1
112	8	29	1	0	828.244	-1
112	8	30	1	0	828.528	-1
112	8	31	1	0	827.7	-1
# XP3-U
112	9	0	1	0	826.309	-1
112	9	1	1	0	826.466	-1
112	9	2	1	0	826.001	-1
112	9	3	1	0	826.641	-1
112	9	4	1	0	826.589	-1
112	9	5	1	0	825.154	-1
112	9	6	1	0	825.875	-1
112	9	7	1	0	830.118	-1
112	9	8	1	0	829.295	-1
112	9	9	1	0	829.444	-1
112	9	10	1	0	829.483	-1
112	9	11	1	0	829.957	-1
112	9	12	1	0	830.355	-1
112	9	13	1	0	830.181	-1
112	9	14	1	0	826.64	-1
112	9	15	1	0	826.933	-1
112	9	16	1	0	829.435	-1
112	9	17	1	0	829.144	-1
112	9	18	1	0	831.986	-1
112	9	19	1	0	832.12	-1
112	9	20	1	0	832.844	-1
112	9	21	1	0	833.231	-1
112	9	22	1	0	831.986	-1
112	9	23	1	0	832.683	-1
112	9	24	1	0	830.397	-1
112	9	25	1	0	828.033	-1
112	9	26	1	0	826.84	-1
112	9	27	1	0	827.038	-1
112	9	28	1	0	827.684	-1
112	9	29	1	0	827.101	-1
112	9	30	1	0	826.157	-1
112	9	31	1	0	827.148	-1
# Y3-U
112	10	0	1	0	824.309	-1
112	10	1	1	0	824.17	-1
112	10	2	1	0	827.089	-1
112	10	3	1	0	827.145	-1
112	10	4	1	0	828.312	-1
112	10	5	1	0	827.597	-1
112	10	6	1	0	828.209	-1
112	10	7	1	0	828.106	-1
112	10	8	1	0	828.202	-1
112	10	9	1	0	823.513	-1
112	10	10	1	0	824.67	-1
112	10	11	1	0	824.426	-1
112	10	12	1	0	824.395	-1
112	10	13	1	0	824.249	-1
112	10	14	1	0	825.176	-1
112	10	15	1	0	824.292	-1
# YP3-U
112	11	0	1	0	824.49	-1
112	11	1	1	0	824.2	-1
112	11	2	1	0	828.398	-1
112	11	3	1	0	827.042	-1
112	11	4	1	0	827.563	-1
112	11	5	1	0	828.617	-1
112	11	6	1	0	828.881	-1
112	11	7	1	0	828.093	-1
112	11	8	1	0	828.615	-1
112	11	9	1	0	825.162	-1
112	11	10	1	0	824.979	-1
112	11	11	1	0	825.47	-1
112	11	12	1	0	825.004	-1
112	11	13	1	0	825.228	-1
112	11	14	1	0	825.546	-1
112	11	15	1	0	824.838	-1
# X4-U
112	12	0	1	0	824.555	-1
112	12	1	1	0	825.365	-1
112	12	2	1	0	825.37	-1
112	12	3	1	0	824.84	-1
112	12	4	1	0	824.335	-1
112	12	5	1	0	824.7	-1
112	12	6	1	0	823.527	-1
112	12	7	1	0	828.527	-1
112	12	8	1	0	828.115	-1
112	12	9	1	0	827.712	-1
112	12	10	1	0	827.138	-1
112	12	11	1	0	828.35	-1
112	12	12	1	0	827.44	-1
112	12	13	1	0	827.252	-1
112	12	14	1	0	823.973	-1
112	12	15	1	0	824.295	-1
112	12	16	1	0	829.602	-1
112	12	17	1	0	830.073	-1
112	12	18	1	0	832.095	-1
112	12	19	1	0	832.687	-1
112	12	20	1	0	833.812	-1
112	12	21	1	0	833.072	-1
112	12	22	1	0	833.281	-1
112	12	23	1	0	833.71	-1
112	12	24	1	0	832.698	-1
112	12	25	1	0	829.44	-1
112	12	26	1	0	829.08	-1
112	12	27	1	0	829.257	-1
112	12	28	1	0	827.859	-1
112	12	29	1	0	829.392	-1
112	12	30	1	0	830.305	-1
112	12	31	1	0	827.919	-1
# XP4-U
112	13	0	1	0	823.694	-1
112	13	1	1	0	823.96	-1
112	13	2	1	0	824.481	-1
112	13	3	1	0	824.137	-1
112	13	4	1	0	824.186	-1
112	13	5	1	0	823.9	-1
112	13	6	1	0	824.221	-1
112	13	7	1	0	828.117	-1
112	13	8	1	0	827.456	-1
112	13	9	1	0	827.696	-1
112	13	10	1	0	828.277	-1
112	13	11	1	0	827.331	-1
112	13	12	1	0	826.86	-1
112	13	13	1	0	827.744	-1
112	13	14	1	0	824.462	-1
112	13	15	1	0	823.754	-1
112	13	16	1	0	829.533	-1
112	13	17	1	0	829.391	-1
112	13	18	1	0	831.523	-1
112	13	19	1	0	831.568	-1
112	13	20	1	0	832.479	-1
112	13	21	1	0	832.557	-1
112	13	22	1	0	832.674	-1
112	13	23	1	0	833.034	-1
112	13	24	1	0	831.68	-1
112	13	25	1	0	828.561	-1
112	13	26	1	0	829.121	-1
112	13	27	1	0	829.114	-1
112	13	28	1	0	828.365	-1
112	13	29	1	0	828.048	-1
112	13	30	1	0	828.708	-1
112	13	31	1	0	827.827	-1
# Y4-U
112	14	0	1	0	826.548	-1
112	14	1	1	0	826.469	-1
112	14	2	1	0	828.69	-1
112	14	3	1	0	828.993	-1
112	14	4	1	0	829.824	-1
112	14	5	1	0	829.116	-1
112	14	6	1	0	829.936	-1
112	14	7	1	0	829.575	-1
112	14	8	1	0	829.437	-1
112	14	9	1	0	825.059	-1
112	14	10	1	0	826.406	-1
112	14	11	1	0	826.255	-1
112	14	12	1	0	826.543	-1
112	14	13	1	0	826.46	-1
112	14	14	1	0	826.787	-1
112	14	15	1	0	825.916	-1
# YP4-U
112	15	0	1	0	825.396	-1
112	15	1	1	0	827.106	-1
112	15	2	1	0	830.03	-1
112	15	3	1	0	829.223	-1
112	15	4	1	0	829.738	-1
112	15	5	1	0	830.361	-1
112	15	6	1	0	829.727	-1
112	15	7	1	0	829.482	-1
112	15	8	1	0	829.701	-1
112	15	9	1	0	826.689	-1
112	15	10	1	0	826.133	-1
112	15	11	1	0	826.975	-1
112	15	12	1	0	826.197	-1
112	15	13	1	0	826.777	-1
112	15	14	1	0	826.389	-1
112	15	15	1	0	825.732	-1
# X5-U
112	16	0	1	0	816.777	-1
112	16	1	1	0	817.855	-1
112	16	2	1	0	817.365	-1
112	16	3	1	0	817.446	-1
112	16	4	1	0	817.4	-1
112	16	5	1	0	818.082	-1
112	16	6	1	0	816.751	-1
112	16	7	1	0	820.779	-1
112	16	8	1	0	820.714	-1
112	16	9	1	0	820.73	-1
112	16	10	1	0	820.489	-1
112	16	11	1	0	820.628	-1
112	16	12	1	0	820.059	-1
112	16	13	1	0	820.054	-1
112	16	14	1	0	817.303	-1
112	16	15	1	0	817.231	-1
112	16	16	1	0	818.237	-1
112	16	17	1	0	818.331	-1
112	16	18	1	0	820.897	-1
112	16	19	1	0	821.14	-1
112	16	20	1	0	822.337	-1
112	16	21	1	0	821.776	-1
112	16	22	1	0	822.213	-1
112	16	23	1	0	822.625	-1
112	16	24	1	0	821.469	-1
112	16	25	1	0	817.872	-1
112	16	26	1	0	817.16	-1
112	16	27	1	0	818.513	-1
112	16	28	1	0	816.85	-1
112	16	29	1	0	818.061	-1
112	16	30	1	0	818.587	-1
112	16	31	1	0	816.969	-1
# XP5-U
112	17	0	1	0	816.254	-1
112	17	1	1	0	816.705	-1
112	17	2	1	0	816.901	-1
112	17	3	1	0	816.918	-1
112	17	4	1	0	817.003	-1
112	17	5	1	0	815.92	-1
112	17	6	1	0	817.373	-1
112	17	7	1	0	820.588	-1
112	17	8	1	0	819.961	-1
112	17	9	1	0	819.98	-1
112	17	10	1	0	820.707	-1
112	17	11	1	0	820.249	-1
112	17	12	1	0	818.861	-1
112	17	13	1	0	819.976	-1
112	17	14	1	0	816.945	-1
112	17	15	1	0	816.322	-1
112	17	16	1	0	818.961	-1
112	17	17	1	0	819.352	-1
112	17	18	1	0	821.649	-1
112	17	19	1	0	821.521	-1
112	17	20	1	0	822.043	-1
112	17	21	1	0	822.538	-1
112	17	22	1	0	822.321	-1
112	17	23	1	0	822.35	-1
112	17	24	1	0	821.119	-1
112	17	25	1	0	817.668	-1
112	17	26	1	0	818.853	-1
112	17	27	1	0	818.029	-1
112	17	28	1	0	817.975	-1
112	17	29	1	0	817.818	-1
112	17	30	1	0	818.011	-1
112	17	31	1	0	817.163	-1
# Y5-U
112	18	0	1	0	816.964	-1
112	18	1	1	0	819.979	-1
112	18	2	1	0	817.919	-1
112	18	3	1	0	820.297	-1
112	18	4	1	0	821.268	-1
112	18	5	1	0	820.589	-1
112	18	6	1	0	821.174	-1
112	18	7	1	0	821.243	-1
112	18	8	1	0	821.561	-1
112	18	9	1	0	816.798	-1
112	18	10	1	0	818.585	-1
112	18	11	1	0	818.207	-1
112	18	12	1	0	817.923	-1
112	18	13	1	0	817.955	-1
112	18	14	1	0	818.685	-1
112	18	15	1	0	817.478	-1
# YP5-U
112	19	0	1	0	817.189	-1
112	19	1	1	0	817.826	-1
112	19	2	1	0	820.48	-1
112	19	3	1	0	820.369	-1
112	19	4	1	0	820.869	-1
112	19	5	1	0	821.682	-1
112	19	6	1	0	821.175	-1
112	19	7	1	0	820.948	-1
112	19	8	1	0	821.537	-1
112	19	9	1	0	818.037	-1
112	19	10	1	0	817.643	-1
112	19	11	1	0	817.856	-1
112	19	12	1	0	817.574	-1
112	19	13	1	0	818.228	-1
112	19	14	1	0	817.416	-1
112	19	15	1	0	817.089	-1
# X6-U
112	20	0	1	0	818.25	-1
112	20	1	1	0	819.294	-1
112	20	2	1	0	818.713	-1
112	20	3	1	0	818.772	-1
112	20	4	1	0	818.905	-1
112	20	5	1	0	818.919	-1
112	20	6	1	0	817.974	-1
112	20	7	1	0	821.819	-1
112	20	8	1	0	821.711	-1
112	20	9	1	0	822.078	-1
112	20	10	1	0	821.801	-1
112	20	11	1	0	821.823	-1
112	20	12	1	0	820.9	-1
112	20	13	1	0	821.032	-1
112	20	14	1	0	818.553	-1
112	20	15	1	0	818.584	-1
112	20	16	1	0	819.557	-1
112	20	17	1	0	820.821	-1
112	20	18	1	0	823.599	-1
112	20	19	1	0	823.34	-1
112	20	20	1	0	824.583	-1
112	20	21	1	0	823.978	-1
112	20	22	1	0	824.145	-1
112	20	23	1	0	824.809	-1
112	20	24	1	0	823.922	-1
112	20	25	1	0	820.3	-1
112	20	26	1	0	820.18	-1
112	20	27	1	0	820.687	-1
112	20	28	1	0	818.557	-1
112	20	29	1	0	820.167	-1
112	20	30	1	0	820.925	-1
112	20	31	1	0	819.135	-1
# XP6-U
112	21	0	1	0	818.92	-1
112	21	1	1	0	819.571	-1
112	21	2	1	0	819.187	-1
112	21	3	1	0	819.415	-1
112	21	4	1	0	819.609	-1
112	21	5	1	0	819.247	-1
112	21	6	1	0	819.581	-1
112	21	7	1	0	822.635	-1
112	21	8	1	0	822.504	-1
112	21	9	1	0	823.418	-1
112	21	10	1	0	823.035	-1
112	21	11	1	0	822.457	-1
112	21	12	1	0	821.673	-1
112	21	13	1	0	822.742	-1
112	21	14	1	0	819.031	-1
112	21	15	1	0	819.386	-1
112	21	16	1	0	821.187	-1
112	21	17	1	0	820.337	-1
112	21	18	1	0	823.661	-1
112	21	19	1	0	823.586	-1
112	21	20	1	0	824.101	-1
112	21	21	1	0	823.969	-1
112	21	22	1	0	823.804	-1
112	21	23	1	0	824.546	-1
112	21	24	1	0	823.602	-1
112	21	25	1	0	820.015	-1
112	21	26	1	0	820.165	-1
112	21	27	1	0	820.138	-1
112	21	28	1	0	820.257	-1
112	21	29	1	0	819.314	-1
112	21	30	1	0	820.019	-1
112	21	31	1	0	818.876	-1
# Y6-U
112	22	0	1	0	816.724	-1
112	22	1	1	0	816.262	-1
112	22	2	1	0	819.764	-1
112	22	3	1	0	820.156	-1
112	22	4	1	0	820.818	-1
112	22	5	1	0	820.227	-1
112	22	6	1	0	820.82	-1
112	22	7	1	0	820.602	-1
112	22	8	1	0	820.768	-1
112	22	9	1	0	816.249	-1
112	22	10	1	0	817.881	-1
112	22	11	1	0	817.317	-1
112	22	12	1	0	817.56	-1
112	22	13	1	0	818.275	-1
112	22	14	1	0	818.325	-1
112	22	15	1	0	817.173	-1
# YP6-U
112	23	0	1	0	817.422	-1
112	23	1	1	0	817.535	-1
112	23	2	1	0	821.4	-1
112	23	3	1	0	820.215	-1
112	23	4	1	0	820.576	-1
112	23	5	1	0	821.879	-1
112	23	6	1	0	821.015	-1
112	23	7	1	0	820.697	-1
112	23	8	1	0	821.854	-1
112	23	9	1	0	818.178	-1
112	23	10	1	0	817.691	-1
112	23	11	1	0	817.936	-1
112	23	12	1	0	817.845	-1
112	23	13	1	0	818.563	-1
112	23	14	1	0	818.252	-1
112	23	15	1	0	817.872	-1
# X7-U
112	24	0	1	0	819.689	-1
112	24	1	1	0	821.182	-1
112	24	2	1	0	820.23	-1
112	24	3	1	0	820.522	-1
112	24	4	1	0	819.968	-1
112	24	5	1	0	820.741	-1
112	24	6	1	0	819.932	-1
112	24	7	1	0	824.024	-1
112	24	8	1	0	823.645	-1
112	24	9	1	0	823.931	-1
112	24	10	1	0	823.712	-1
112	24	11	1	0	823.74	-1
112	24	12	1	0	823.041	-1
112	24	13	1	0	823.327	-1
112	24	14	1	0	820.573	-1
112	24	15	1	0	819.782	-1
112	24	16	1	0	821.359	-1
112	24	17	1	0	820.591	-1
112	24	18	1	0	823.816	-1
112	24	19	1	0	823.869	-1
112	24	20	1	0	824.652	-1
112	24	21	1	0	824.501	-1
112	24	22	1	0	824.927	-1
112	24	23	1	0	825.463	-1
112	24	24	1	0	824.454	-1
112	24	25	1	0	819.868	-1
112	24	26	1	0	820.942	-1
112	24	27	1	0	821.545	-1
112	24	28	1	0	819.658	-1
112	24	29	1	0	820.663	-1
112	24	30	1	0	821.442	-1
112	24	31	1	0	819.667	-1
# XP7-U
112	25	0	1	0	818.577	-1
112	25	1	1	0	819.084	-1
112	25	2	1	0	819.668	-1
112	25	3	1	0	819.71	-1
112	25	4	1	0	819.837	-1
112	25	5	1	0	819.346	-1
112	25	6	1	0	819.959	-1
112	25	7	1	0	823.453	-1
112	25	8	1	0	823.13	-1
112	25	9	1	0	823.202	-1
112	25	10	1	0	823.491	-1
112	25	11	1	0	822.99	-1
112	25	12	1	0	822.302	-1
112	25	13	1	0	823.048	-1
112	25	14	1	0	820.046	-1
112	25	15	1	0	818.855	-1
112	25	16	1	0	821.028	-1
112	25	17	1	0	819.494	-1
112	25	18	1	0	823.113	-1
112	25	19	1	0	823.037	-1
112	25	20	1	0	823.429	-1
112	25	21	1	0	823.469	-1
112	25	22	1	0	824.019	-1
112	25	23	1	0	824.488	-1
112	25	24	1	0	823.135	-1
112	25	25	1	0	819.626	-1
112	25	26	1	0	819.805	-1
112	25	27	1	0	820.177	-1
112	25	28	1	0	819.21	-1
112	25	29	1	0	818.957	-1
112	25	30	1	0	819.662	-1
112	25	31	1	0	818.778	-1
# Y7-U
112	26	0	1	0	818.441	-1
112	26	1	1	0	819.293	-1
112	26	2	1	0	821.968	-1
112	26	3	1	0	822.041	-1
112	26	4	1	0	822.798	-1
112	26	5	1	0	822.315	-1
112	26	6	1	0	823.297	-1
112	26	7	1	0	822.645	-1
112	26	8	1	0	823.135	-1
112	26	9	1	0	818.772	-1
112	26	10	1	0	820.272	-1
112	26	11	1	0	819.896	-1
112	26	12	1	0	819.739	-1
112	26	13	1	0	820.383	-1
112	26	14	1	0	820.245	-1
112	26	15	1	0	819.275	-1
# YP7-U
112	27	0	1	0	818.941	-1
112	27	1	1	0	819.104	-1
112	27	2	1	0	823.593	-1
112	27	3	1	0	821.988	-1
112	27	4	1	0	822.21	-1
112	27	5	1	0	823.324	-1
112	27	6	1	0	823.644	-1
112	27	7	1	0	823.084	-1
112	27	8	1	0	823.183	-1
112	27	9	1	0	820.134	-1
112	27	10	1	0	820.107	-1
112	27	11	1	0	820.042	-1
112	27	12	1	0	820.054	-1
112	27	13	1	0	820.467	-1
112	27	14	1	0	820.363	-1
112	27	15	1	0	819.201	-1
# X8-U
112	28	0	1	0	821.096	-1
112	28	1	1	0	821.774	-1
112	28	2	1	0	821.622	-1
112	28	3	1	0	821.948	-1
112	28	4	1	0	821.666	-1
112	28	5	1	0	822.117	-1
112	28	6	1	0	820.933	-1
112	28	7	1	0	825	-1
112	28	8	1	0	824.786	-1
112	28	9	1	0	825.17	-1
112	28	10	1	0	825.21	-1
112	28	11	1	0	825.279	-1
112	28	12	1	0	824.535	-1
112	28	13	1	0	824.479	-1
112	28	14	1	0	821.415	-1
112	28	15	1	0	821.424	-1
112	28	16	1	0	821.375	-1
112	28	17	1	0	821.913	-1
112	28	18	1	0	824.048	-1
112	28	19	1	0	824.558	-1
112	28	20	1	0	826.226	-1
112	28	21	1	0	825.181	-1
112	28	22	1	0	825.446	-1
112	28	23	1	0	826.292	-1
112	28	24	1	0	825.163	-1
112	28	25	1	0	821.188	-1
112	28	26	1	0	821.144	-1
112	28	27	1	0	821.993	-1
112	28	28	1	0	819.802	-1
112	28	29	1	0	821.282	-1
112	28	30	1	0	821.751	-1
112	28	31	1	0	820.182	-1
# XP8-U
112	29	0	1	0	821.767	-1
112	29	1	1	0	821.708	-1
112	29	2	1	0	822.122	-1
112	29	3	1	0	821.957	-1
112	29	4	1	0	821.749	-1
112	29	5	1	0	821.465	-1
112	29	6	1	0	821.921	-1
112	29	7	1	0	824.897	-1
112	29	8	1	0	824.795	-1
112	29	9	1	0	825.224	-1
112	29	10	1	0	825.99	-1
112	29	11	1	0	825.684	-1
112	29	12	1	0	824.498	-1
112	29	13	1	0	825.475	-1
112	29	14	1	0	822.455	-1
112	29	15	1	0	821.603	-1
112	29	16	1	0	822.33	-1
112	29	17	1	0	821.919	-1
112	29	18	1	0	824.21	-1
112	29	19	1	0	824.238	-1
112	29	20	1	0	824.62	-1
112	29	21	1	0	825.435	-1
112	29	22	1	0	824.726	-1
112	29	23	1	0	825.724	-1
112	29	24	1	0	824.689	-1
112	29	25	1	0	820.802	-1
112	29	26	1	0	821.06	-1
112	29	27	1	0	821.42	-1
112	29	28	1	0	820.529	-1
112	29	29	1	0	820.528	-1
112	29	30	1	0	820.532	-1
112	29	31	1	0	820.245	-1
# Y8-U
112	30	0	1	0	820.259	-1
112	30	1	1	0	820.615	-1
112	30	2	1	0	823.415	-1
112	30	3	1	0	823.409	-1
112	30	4	1	0	824.038	-1
112	30	5	1	0	823.5	-1
112	30	6	1	0	823.805	-1
112	30	7	1	0	823.801	-1
112	30	8	1	0	823.885	-1
112	30	9	1	0	819.39	-1
112	30	10	1	0	820.934	-1
112	30	11	1	0	821.269	-1
112	30	12	1	0	820.95	-1
112	30	13	1	0	821.075	-1
112	30	14	1	0	820.978	-1
112	30	15	1	0	820.263	-1
# YP8-U
112	31	0	1	0	821.17	-1
112	31	1	1	0	821.557	-1
112	31	2	1	0	824.965	-1
112	31	3	1	0	823.983	-1
112	31	4	1	0	824.458	-1
112	31	5	1	0	825.507	-1
112	31	6	1	0	825.133	-1
112	31	7	1	0	824.471	-1
112	31	8	1	0	825.186	-1
112	31	9	1	0	821.856	-1
112	31	10	1	0	821.538	-1
112	31	11	1	0	821.534	-1
112	31	12	1	0	821.218	-1
112	31	13	1	0	822.024	-1
112	31	14	1	0	821.605	-1
112	31	15	1	0	820.811	-1
# X9-U
112	32	0	1	0	824.74	-1
112	32	1	1	0	825.616	-1
112	32	2	1	0	824.56	-1
112	32	3	1	0	823.851	-1
112	32	4	1	0	824.497	-1
112	32	5	1	0	824.896	-1
112	32	6	1	0	824.258	-1
112	32	7	1	0	827.499	-1
112	32	8	1	0	827.422	-1
112	32	9	1	0	827.695	-1
112	32	10	1	0	827.791	-1
112	32	11	1	0	827.685	-1
112	32	12	1	0	828.885	-1
112	32	13	1	0	828.568	-1
112	32	14	1	0	824.824	-1
112	32	15	1	0	825.215	-1
112	32	16	1	0	824.77	-1
112	32	17	1	0	824.483	-1
112	32	18	1	0	827.721	-1
112	32	19	1	0	827.804	-1
112	32	20	1	0	828.907	-1
112	32	21	1	0	827.906	-1
112	32	22	1	0	828.756	-1
112	32	23	1	0	828.999	-1
112	32	24	1	0	827.582	-1
112	32	25	1	0	823.271	-1
112	32	26	1	0	822.55	-1
112	32	27	1	0	823.469	-1
112	32	28	1	0	822.917	-1
112	32	29	1	0	823.146	-1
112	32	30	1	0	824.063	-1
112	32	31	1	0	823.138	-1
# XP9-U
112	33	0	1	0	823.698	-1
112	33	1	1	0	823.946	-1
112	33	2	1	0	823.883	-1
112	33	3	1	0	823.861	-1
112	33	4	1	0	824.512	-1
112	33	5	1	0	822.876	-1
112	33	6	1	0	823.505	-1
112	33	7	1	0	827.453	-1
112	33	8	1	0	827.085	-1
112	33	9	1	0	827.02	-1
112	33	10	1	0	827.349	-1
112	33	11	1	0	827.409	-1
112	33	12	1	0	828.284	-1
112	33	13	1	0	827.843	-1
112	33	14	1	0	824.293	-1
112	33	15	1	0	824.009	-1
112	33	16	1	0	825.367	-1
112	33	17	1	0	825.235	-1
112	33	18	1	0	828.489	-1
112	33	19	1	0	828.426	-1
112	33	20	1	0	829.111	-1
112	33	21	1	0	828.73	-1
112	33	22	1	0	828.909	-1
112	33	23	1	0	829.418	-1
112	33	24	1	0	827.066	-1
112	33	25	1	0	824.804	-1
112	33	26	1	0	823.877	-1
112	33	27	1	0	824.074	-1
112	33	28	1	0	823.806	-1
112	33	29	1	0	824.181	-1
112	33	30	1	0	822.776	-1
112	33	31	1	0	824.081	-1
# Y9-U
112	34	0	1	0	820.925	-1
112	34	1	1	0	821.075	-1
112	34	2	1	0	824.263	-1
112	34	3	1	0	824.048	-1
112	34	4	1	0	825.277	-1
112	34	5	1	0	823.916	-1
112	34	6	1	0	824.748	-1
112	34	7	1	0	825.022	-1
112	34	8	1	0	824.5	-1
112	34	9	1	0	820.317	-1
112	34	10	1	0	822.03	-1
112	34	11	1	0	821.574	-1
112	34	12	1	0	821.694	-1
112	34	13	1	0	821.725	-1
112	34	14	1	0	822.092	-1
112	34	15	1	0	820.733	-1
# YP9-U
112	35	0	1	0	821.311	-1
112	35	1	1	0	821.393	-1
112	35	2	1	0	824.883	-1
112	35	3	1	0	824.155	-1
112	35	4	1	0	824.606	-1
112	35	5	1	0	825.34	-1
112	35	6	1	0	824.566	-1
112	35	7	1	0	824.852	-1
112	35	8	1	0	825.206	-1
112	35	9	1	0	821.907	-1
112	35	10	1	0	821.477	-1
112	35	11	1	0	820.715	-1
112	35	12	1	0	821.682	-1
112	35	13	1	0	822.334	-1
112	35	14	1	0	822.432	-1
112	35	15	1	0	821.094	-1
#########################################################
# AFT-D TDC                                             #
#########################################################
# X1-D
112	0	0	1	1	822.885	-1
112	0	1	1	1	822.927	-1
112	0	2	1	1	823.401	-1
112	0	3	1	1	823.239	-1
112	0	4	1	1	823.336	-1
112	0	5	1	1	823.187	-1
112	0	6	1	1	824.013	-1
112	0	7	1	1	827.459	-1
112	0	8	1	1	826.492	-1
112	0	9	1	1	826.758	-1
112	0	10	1	1	827.227	-1
112	0	11	1	1	826.34	-1
112	0	12	1	1	825.883	-1
112	0	13	1	1	826.856	-1
112	0	14	1	1	823.246	-1
112	0	15	1	1	822.692	-1
112	0	16	1	1	824.638	-1
112	0	17	1	1	824.31	-1
112	0	18	1	1	827.216	-1
112	0	19	1	1	827.231	-1
112	0	20	1	1	827.57	-1
112	0	21	1	1	828.158	-1
112	0	22	1	1	827.918	-1
112	0	23	1	1	828.405	-1
112	0	24	1	1	826.907	-1
112	0	25	1	1	823.037	-1
112	0	26	1	1	823.824	-1
112	0	27	1	1	823.769	-1
112	0	28	1	1	823.448	-1
112	0	29	1	1	822.899	-1
112	0	30	1	1	823.415	-1
112	0	31	1	1	822.46	-1
# XP1-D
112	1	0	1	1	822.619	-1
112	1	1	1	1	823.723	-1
112	1	2	1	1	823.54	-1
112	1	3	1	1	823.188	-1
112	1	4	1	1	823.372	-1
112	1	5	1	1	823.572	-1
112	1	6	1	1	822.138	-1
112	1	7	1	1	827.082	-1
112	1	8	1	1	826.839	-1
112	1	9	1	1	826.879	-1
112	1	10	1	1	826.219	-1
112	1	11	1	1	826.942	-1
112	1	12	1	1	826.369	-1
112	1	13	1	1	826.03	-1
112	1	14	1	1	822.809	-1
112	1	15	1	1	823.024	-1
112	1	16	1	1	824.575	-1
112	1	17	1	1	824.086	-1
112	1	18	1	1	827.408	-1
112	1	19	1	1	827.414	-1
112	1	20	1	1	828.359	-1
112	1	21	1	1	828.297	-1
112	1	22	1	1	828.979	-1
112	1	23	1	1	829.098	-1
112	1	24	1	1	827.87	-1
112	1	25	1	1	823.682	-1
112	1	26	1	1	824.448	-1
112	1	27	1	1	825.092	-1
112	1	28	1	1	822.613	-1
112	1	29	1	1	824.213	-1
112	1	30	1	1	825.112	-1
112	1	31	1	1	822.821	-1
# Y1-D
112	2	0	1	1	828.292	-1
112	2	1	1	1	828.239	-1
112	2	2	1	1	831.634	-1
112	2	3	1	1	830.932	-1
112	2	4	1	1	831.839	-1
112	2	5	1	1	832.112	-1
112	2	6	1	1	832.323	-1
112	2	7	1	1	831.652	-1
112	2	8	1	1	830.643	-1
112	2	9	1	1	827.061	-1
112	2	10	1	1	825.644	-1
112	2	11	1	1	826.87	-1
112	2	12	1	1	826.702	-1
112	2	13	1	1	826.768	-1
112	2	14	1	1	827.746	-1
112	2	15	1	1	826.055	-1
# YP1-D
112	3	0	1	1	829.426	-1
112	3	1	1	1	828.899	-1
112	3	2	1	1	832.053	-1
112	3	3	1	1	831.916	-1
112	3	4	1	1	832.708	-1
112	3	5	1	1	832.656	-1
112	3	6	1	1	832.48	-1
112	3	7	1	1	832.465	-1
112	3	8	1	1	829.866	-1
112	3	9	1	1	827.929	-1
112	3	10	1	1	826.906	-1
112	3	11	1	1	827.02	-1
112	3	12	1	1	827.604	-1
112	3	13	1	1	827.132	-1
112	3	14	1	1	826.338	-1
112	3	15	1	1	827.22	-1
# X2-D
112	4	0	1	1	826.779	-1
112	4	1	1	1	827.378	-1
112	4	2	1	1	826.884	-1
112	4	3	1	1	827.063	-1
112	4	4	1	1	827.496	-1
112	4	5	1	1	826.248	-1
112	4	6	1	1	826.623	-1
112	4	7	1	1	830.706	-1
112	4	8	1	1	829.792	-1
112	4	9	1	1	830.343	-1
112	4	10	1	1	830.032	-1
112	4	11	1	1	830.491	-1
112	4	12	1	1	831.279	-1
112	4	13	1	1	830.659	-1
112	4	14	1	1	827.339	-1
112	4	15	1	1	827.68	-1
112	4	16	1	1	828.294	-1
112	4	17	1	1	828.487	-1
112	4	18	1	1	831.331	-1
112	4	19	1	1	831.641	-1
112	4	20	1	1	831.807	-1
112	4	21	1	1	832.19	-1
112	4	22	1	1	832.013	-1
112	4	23	1	1	832.015	-1
112	4	24	1	1	830.265	-1
112	4	25	1	1	827.054	-1
112	4	26	1	1	826.359	-1
112	4	27	1	1	826.653	-1
112	4	28	1	1	826.921	-1
112	4	29	1	1	826.498	-1
112	4	30	1	1	825.631	-1
112	4	31	1	1	826.712	-1
# XP2-D
112	5	0	1	1	827.335	-1
112	5	1	1	1	827.452	-1
112	5	2	1	1	827.225	-1
112	5	3	1	1	826.556	-1
112	5	4	1	1	827.253	-1
112	5	5	1	1	827.154	-1
112	5	6	1	1	826.863	-1
112	5	7	1	1	830.831	-1
112	5	8	1	1	829.802	-1
112	5	9	1	1	830.258	-1
112	5	10	1	1	830.421	-1
112	5	11	1	1	829.767	-1
112	5	12	1	1	830.89	-1
112	5	13	1	1	831.169	-1
112	5	14	1	1	828.411	-1
112	5	15	1	1	827.989	-1
112	5	16	1	1	828.094	-1
112	5	17	1	1	828.241	-1
112	5	18	1	1	831.747	-1
112	5	19	1	1	831.286	-1
112	5	20	1	1	831.886	-1
112	5	21	1	1	831.351	-1
112	5	22	1	1	831.692	-1
112	5	23	1	1	831.766	-1
112	5	24	1	1	830.971	-1
112	5	25	1	1	826.865	-1
112	5	26	1	1	825.688	-1
112	5	27	1	1	827.412	-1
112	5	28	1	1	826.767	-1
112	5	29	1	1	826.793	-1
112	5	30	1	1	827.431	-1
112	5	31	1	1	826.277	-1
# Y2-D
112	6	0	1	1	828.865	-1
112	6	1	1	1	829.459	-1
112	6	2	1	1	832.393	-1
112	6	3	1	1	832.199	-1
112	6	4	1	1	832.352	-1
112	6	5	1	1	832.287	-1
112	6	6	1	1	832.347	-1
112	6	7	1	1	832.407	-1
112	6	8	1	1	831.197	-1
112	6	9	1	1	826.75	-1
112	6	10	1	1	825.394	-1
112	6	11	1	1	827.023	-1
112	6	12	1	1	826.685	-1
112	6	13	1	1	826.985	-1
112	6	14	1	1	827.547	-1
112	6	15	1	1	825.8	-1
# YP2-D
112	7	0	1	1	828.827	-1
112	7	1	1	1	828.961	-1
112	7	2	1	1	832	-1
112	7	3	1	1	831.965	-1
112	7	4	1	1	832.562	-1
112	7	5	1	1	832.371	-1
112	7	6	1	1	831.758	-1
112	7	7	1	1	832.149	-1
112	7	8	1	1	829.836	-1
112	7	9	1	1	826.873	-1
112	7	10	1	1	826.79	-1
112	7	11	1	1	826.176	-1
112	7	12	1	1	826.591	-1
112	7	13	1	1	826.852	-1
112	7	14	1	1	825.275	-1
112	7	15	1	1	826.54	-1
# X3-D
112	8	0	1	1	824.013	-1
112	8	1	1	1	824.849	-1
112	8	2	1	1	825.204	-1
112	8	3	1	1	824.452	-1
112	8	4	1	1	824.549	-1
112	8	5	1	1	824.446	-1
112	8	6	1	1	824.921	-1
112	8	7	1	1	828.513	-1
112	8	8	1	1	827.963	-1
112	8	9	1	1	827.91	-1
112	8	10	1	1	828.649	-1
112	8	11	1	1	828.433	-1
112	8	12	1	1	827.754	-1
112	8	13	1	1	828.893	-1
112	8	14	1	1	824.762	-1
112	8	15	1	1	824.345	-1
112	8	16	1	1	826.948	-1
112	8	17	1	1	826.842	-1
112	8	18	1	1	829.65	-1
112	8	19	1	1	829.219	-1
112	8	20	1	1	830.001	-1
112	8	21	1	1	830.396	-1
112	8	22	1	1	829.967	-1
112	8	23	1	1	830.525	-1
112	8	24	1	1	829.377	-1
112	8	25	1	1	825.097	-1
112	8	26	1	1	826.655	-1
112	8	27	1	1	826.145	-1
112	8	28	1	1	825.882	-1
112	8	29	1	1	825.19	-1
112	8	30	1	1	826.088	-1
112	8	31	1	1	825.087	-1
# XP3-D
112	9	0	1	1	824.102	-1
112	9	1	1	1	824.743	-1
112	9	2	1	1	824.241	-1
112	9	3	1	1	824.427	-1
112	9	4	1	1	824.395	-1
112	9	5	1	1	824.835	-1
112	9	6	1	1	823.561	-1
112	9	7	1	1	828.52	-1
112	9	8	1	1	827.912	-1
112	9	9	1	1	827.823	-1
112	9	10	1	1	827.371	-1
112	9	11	1	1	828.505	-1
112	9	12	1	1	827.329	-1
112	9	13	1	1	827.294	-1
112	9	14	1	1	824.11	-1
112	9	15	1	1	823.821	-1
112	9	16	1	1	826.194	-1
112	9	17	1	1	826.86	-1
112	9	18	1	1	829.456	-1
112	9	19	1	1	829.446	-1
112	9	20	1	1	830.794	-1
112	9	21	1	1	829.797	-1
112	9	22	1	1	830.388	-1
112	9	23	1	1	830.855	-1
112	9	24	1	1	829.857	-1
112	9	25	1	1	825.823	-1
112	9	26	1	1	825.952	-1
112	9	27	1	1	826.122	-1
112	9	28	1	1	824.903	-1
112	9	29	1	1	825.894	-1
112	9	30	1	1	826.613	-1
112	9	31	1	1	824.843	-1
# Y3-D
112	10	0	1	1	827.106	-1
112	10	1	1	1	827.166	-1
112	10	2	1	1	829.534	-1
112	10	3	1	1	829.561	-1
112	10	4	1	1	831.129	-1
112	10	5	1	1	830.654	-1
112	10	6	1	1	830.626	-1
112	10	7	1	1	831.318	-1
112	10	8	1	1	830.65	-1
112	10	9	1	1	826.689	-1
112	10	10	1	1	826.636	-1
112	10	11	1	1	827.524	-1
112	10	12	1	1	825.055	-1
112	10	13	1	1	826.815	-1
112	10	14	1	1	827.299	-1
112	10	15	1	1	825.829	-1
# YP3-D
112	11	0	1	1	826.713	-1
112	11	1	1	1	825.847	-1
112	11	2	1	1	829.009	-1
112	11	3	1	1	828.953	-1
112	11	4	1	1	829.371	-1
112	11	5	1	1	829.803	-1
112	11	6	1	1	829.571	-1
112	11	7	1	1	830.233	-1
112	11	8	1	1	828.867	-1
112	11	9	1	1	824.804	-1
112	11	10	1	1	825.601	-1
112	11	11	1	1	825.459	-1
112	11	12	1	1	825.081	-1
112	11	13	1	1	824.62	-1
112	11	14	1	1	825.23	-1
112	11	15	1	1	824.268	-1
# X4-D
112	12	0	1	1	825.962	-1
112	12	1	1	1	825.983	-1
112	12	2	1	1	826.424	-1
112	12	3	1	1	825.959	-1
112	12	4	1	1	825.82	-1
112	12	5	1	1	825.724	-1
112	12	6	1	1	826.327	-1
112	12	7	1	1	829.692	-1
112	12	8	1	1	829.786	-1
112	12	9	1	1	829.511	-1
112	12	10	1	1	830.835	-1
112	12	11	1	1	829.681	-1
112	12	12	1	1	829.633	-1
112	12	13	1	1	830.213	-1
112	12	14	1	1	825.511	-1
112	12	15	1	1	825.835	-1
112	12	16	1	1	828.231	-1
112	12	17	1	1	827.239	-1
112	12	18	1	1	831.185	-1
112	12	19	1	1	831.203	-1
112	12	20	1	1	831.773	-1
112	12	21	1	1	832.49	-1
112	12	22	1	1	831.672	-1
112	12	23	1	1	831.984	-1
112	12	24	1	1	831.156	-1
112	12	25	1	1	826.824	-1
112	12	26	1	1	827.782	-1
112	12	27	1	1	827.444	-1
112	12	28	1	1	827.294	-1
112	12	29	1	1	826.786	-1
112	12	30	1	1	826.935	-1
112	12	31	1	1	826.683	-1
# XP4-D
112	13	0	1	1	826.62	-1
112	13	1	1	1	826.636	-1
112	13	2	1	1	826.122	-1
112	13	3	1	1	826.032	-1
112	13	4	1	1	825.831	-1
112	13	5	1	1	826.707	-1
112	13	6	1	1	825.153	-1
112	13	7	1	1	829.966	-1
112	13	8	1	1	829.781	-1
112	13	9	1	1	830.108	-1
112	13	10	1	1	829.814	-1
112	13	11	1	1	830.357	-1
112	13	12	1	1	829.753	-1
112	13	13	1	1	829.957	-1
112	13	14	1	1	825.048	-1
112	13	15	1	1	826.6	-1
112	13	16	1	1	827.612	-1
112	13	17	1	1	826.968	-1
112	13	18	1	1	830.86	-1
112	13	19	1	1	831.661	-1
112	13	20	1	1	832.613	-1
112	13	21	1	1	831.821	-1
112	13	22	1	1	831.949	-1
112	13	23	1	1	832.049	-1
112	13	24	1	1	831.2	-1
112	13	25	1	1	827.432	-1
112	13	26	1	1	827.033	-1
112	13	27	1	1	827.705	-1
112	13	28	1	1	825.951	-1
112	13	29	1	1	827.287	-1
112	13	30	1	1	827.903	-1
112	13	31	1	1	826.399	-1
# Y4-D
112	14	0	1	1	826.082	-1
112	14	1	1	1	826.947	-1
112	14	2	1	1	829.138	-1
112	14	3	1	1	829.756	-1
112	14	4	1	1	830.811	-1
112	14	5	1	1	830.227	-1
112	14	6	1	1	830.576	-1
112	14	7	1	1	830.722	-1
112	14	8	1	1	830.384	-1
112	14	9	1	1	826.632	-1
112	14	10	1	1	826.339	-1
112	14	11	1	1	827.06	-1
112	14	12	1	1	825.321	-1
112	14	13	1	1	826.528	-1
112	14	14	1	1	826.815	-1
112	14	15	1	1	825.054	-1
# YP4-D
112	15	0	1	1	825.797	-1
112	15	1	1	1	827.365	-1
112	15	2	1	1	830.164	-1
112	15	3	1	1	829.852	-1
112	15	4	1	1	830.78	-1
112	15	5	1	1	830.845	-1
112	15	6	1	1	830.779	-1
112	15	7	1	1	830.749	-1
112	15	8	1	1	830.345	-1
112	15	9	1	1	826.34	-1
112	15	10	1	1	827.402	-1
112	15	11	1	1	826.917	-1
112	15	12	1	1	826.292	-1
112	15	13	1	1	826.39	-1
112	15	14	1	1	826.729	-1
112	15	15	1	1	826.021	-1
# X5-D
112	16	0	1	1	815.866	-1
112	16	1	1	1	816.858	-1
112	16	2	1	1	816.856	-1
112	16	3	1	1	816.643	-1
112	16	4	1	1	816.701	-1
112	16	5	1	1	816.625	-1
112	16	6	1	1	816.951	-1
112	16	7	1	1	820.22	-1
112	16	8	1	1	819.705	-1
112	16	9	1	1	820.633	-1
112	16	10	1	1	820.143	-1
112	16	11	1	1	819.72	-1
112	16	12	1	1	819.649	-1
112	16	13	1	1	820.578	-1
112	16	14	1	1	816.651	-1
112	16	15	1	1	817.305	-1
112	16	16	1	1	818.983	-1
112	16	17	1	1	817.721	-1
112	16	18	1	1	821.628	-1
112	16	19	1	1	821.229	-1
112	16	20	1	1	821.729	-1
112	16	21	1	1	822.119	-1
112	16	22	1	1	822.38	-1
112	16	23	1	1	822.058	-1
112	16	24	1	1	821.376	-1
112	16	25	1	1	817.107	-1
112	16	26	1	1	817.925	-1
112	16	27	1	1	818.027	-1
112	16	28	1	1	817.69	-1
112	16	29	1	1	816.92	-1
112	16	30	1	1	817.761	-1
112	16	31	1	1	817.098	-1
# XP5-D
112	17	0	1	1	816.448	-1
112	17	1	1	1	817.229	-1
112	17	2	1	1	817.259	-1
112	17	3	1	1	816.796	-1
112	17	4	1	1	817.208	-1
112	17	5	1	1	816.977	-1
112	17	6	1	1	815.675	-1
112	17	7	1	1	820.606	-1
112	17	8	1	1	820.093	-1
112	17	9	1	1	820.366	-1
112	17	10	1	1	819.563	-1
112	17	11	1	1	820.364	-1
112	17	12	1	1	819.993	-1
112	17	13	1	1	819.761	-1
112	17	14	1	1	815.983	-1
112	17	15	1	1	816.965	-1
112	17	16	1	1	817.488	-1
112	17	17	1	1	816.707	-1
112	17	18	1	1	820.717	-1
112	17	19	1	1	820.449	-1
112	17	20	1	1	821.366	-1
112	17	21	1	1	821.155	-1
112	17	22	1	1	822.122	-1
112	17	23	1	1	822.427	-1
112	17	24	1	1	821.009	-1
112	17	25	1	1	816.956	-1
112	17	26	1	1	817.058	-1
112	17	27	1	1	817.903	-1
112	17	28	1	1	816.287	-1
112	17	29	1	1	817.127	-1
112	17	30	1	1	817.86	-1
112	17	31	1	1	816.986	-1
# Y5-D
112	18	0	1	1	819.558	-1
112	18	1	1	1	819.824	-1
112	18	2	1	1	822.483	-1
112	18	3	1	1	822.618	-1
112	18	4	1	1	823.877	-1
112	18	5	1	1	823.149	-1
112	18	6	1	1	823.286	-1
112	18	7	1	1	823.232	-1
112	18	8	1	1	823.174	-1
112	18	9	1	1	819.127	-1
112	18	10	1	1	818.863	-1
112	18	11	1	1	819.701	-1
112	18	12	1	1	817.934	-1
112	18	13	1	1	818.838	-1
112	18	14	1	1	818.865	-1
112	18	15	1	1	817.44	-1
# YP5-D
112	19	0	1	1	820.94	-1
112	19	1	1	1	820.616	-1
112	19	2	1	1	823.311	-1
112	19	3	1	1	823.251	-1
112	19	4	1	1	823.424	-1
112	19	5	1	1	823.721	-1
112	19	6	1	1	823.626	-1
112	19	7	1	1	824.052	-1
112	19	8	1	1	823.165	-1
112	19	9	1	1	818.701	-1
112	19	10	1	1	819.899	-1
112	19	11	1	1	819.807	-1
112	19	12	1	1	819.322	-1
112	19	13	1	1	819.077	-1
112	19	14	1	1	819.521	-1
112	19	15	1	1	818.487	-1
# X6-D
112	20	0	1	1	816.795	-1
112	20	1	1	1	817.17	-1
112	20	2	1	1	817.682	-1
112	20	3	1	1	817.148	-1
112	20	4	1	1	817.631	-1
112	20	5	1	1	817.471	-1
112	20	6	1	1	817.809	-1
112	20	7	1	1	821.025	-1
112	20	8	1	1	820.961	-1
112	20	9	1	1	820.993	-1
112	20	10	1	1	821.361	-1
112	20	11	1	1	820.737	-1
112	20	12	1	1	820.535	-1
112	20	13	1	1	821.587	-1
112	20	14	1	1	817.652	-1
112	20	15	1	1	817.348	-1
112	20	16	1	1	820.804	-1
112	20	17	1	1	820.169	-1
112	20	18	1	1	823.182	-1
112	20	19	1	1	823.063	-1
112	20	20	1	1	823.88	-1
112	20	21	1	1	823.626	-1
112	20	22	1	1	823.986	-1
112	20	23	1	1	823.984	-1
112	20	24	1	1	823.26	-1
112	20	25	1	1	819.075	-1
112	20	26	1	1	820.435	-1
112	20	27	1	1	820.045	-1
112	20	28	1	1	819.751	-1
112	20	29	1	1	819.106	-1
112	20	30	1	1	819.551	-1
112	20	31	1	1	818.669	-1
# XP6-D
112	21	0	1	1	818.134	-1
112	21	1	1	1	818.893	-1
112	21	2	1	1	818.173	-1
112	21	3	1	1	818.548	-1
112	21	4	1	1	818.597	-1
112	21	5	1	1	818.8	-1
112	21	6	1	1	817.335	-1
112	21	7	1	1	821.988	-1
112	21	8	1	1	822.128	-1
112	21	9	1	1	821.846	-1
112	21	10	1	1	821.35	-1
112	21	11	1	1	821.878	-1
112	21	12	1	1	820.798	-1
112	21	13	1	1	820.785	-1
112	21	14	1	1	817.397	-1
112	21	15	1	1	818.06	-1
112	21	16	1	1	820.114	-1
112	21	17	1	1	819.993	-1
112	21	18	1	1	822.623	-1
112	21	19	1	1	822.91	-1
112	21	20	1	1	824.519	-1
112	21	21	1	1	823.459	-1
112	21	22	1	1	824.089	-1
112	21	23	1	1	824.027	-1
112	21	24	1	1	823.146	-1
112	21	25	1	1	819.763	-1
112	21	26	1	1	819.088	-1
112	21	27	1	1	820.029	-1
112	21	28	1	1	818.289	-1
112	21	29	1	1	819.723	-1
112	21	30	1	1	820.183	-1
112	21	31	1	1	818.198	-1
# Y6-D
112	22	0	1	1	819.6	-1
112	22	1	1	1	819.909	-1
112	22	2	1	1	822.505	-1
112	22	3	1	1	822.673	-1
112	22	4	1	1	823.941	-1
112	22	5	1	1	823.35	-1
112	22	6	1	1	823.561	-1
112	22	7	1	1	824.043	-1
112	22	8	1	1	823.071	-1
112	22	9	1	1	818.766	-1
112	22	10	1	1	819.181	-1
112	22	11	1	1	819.356	-1
112	22	12	1	1	817.636	-1
112	22	13	1	1	819.254	-1
112	22	14	1	1	819.123	-1
112	22	15	1	1	817.831	-1
# YP6-D
112	23	0	1	1	820.558	-1
112	23	1	1	1	820.532	-1
112	23	2	1	1	822.953	-1
112	23	3	1	1	822.781	-1
112	23	4	1	1	823.878	-1
112	23	5	1	1	824.042	-1
112	23	6	1	1	823.811	-1
112	23	7	1	1	823.911	-1
112	23	8	1	1	822.866	-1
112	23	9	1	1	818.769	-1
112	23	10	1	1	819.336	-1
112	23	11	1	1	819.592	-1
112	23	12	1	1	818.954	-1
112	23	13	1	1	818.712	-1
112	23	14	1	1	819.241	-1
112	23	15	1	1	817.893	-1
# X7-D
112	24	0	1	1	819.539	-1
112	24	1	1	1	819.8	-1
112	24	2	1	1	819.63	-1
112	24	3	1	1	819.555	-1
112	24	4	1	1	819.896	-1
112	24	5	1	1	819.476	-1
112	24	6	1	1	820.457	-1
112	24	7	1	1	823.701	-1
112	24	8	1	1	822.959	-1
112	24	9	1	1	823.327	-1
112	24	10	1	1	823.751	-1
112	24	11	1	1	822.74	-1
112	24	12	1	1	822.262	-1
112	24	13	1	1	823.204	-1
112	24	14	1	1	819.69	-1
112	24	15	1	1	819.635	-1
112	24	16	1	1	821.897	-1
112	24	17	1	1	821.387	-1
112	24	18	1	1	824.741	-1
112	24	19	1	1	824.389	-1
112	24	20	1	1	824.811	-1
112	24	21	1	1	824.997	-1
112	24	22	1	1	825.13	-1
112	24	23	1	1	824.903	-1
112	24	24	1	1	823.772	-1
112	24	25	1	1	820.643	-1
112	24	26	1	1	821.096	-1
112	24	27	1	1	821.47	-1
112	24	28	1	1	820.735	-1
112	24	29	1	1	820.294	-1
112	24	30	1	1	820.611	-1
112	24	31	1	1	819.814	-1
# XP7-D
112	25	0	1	1	819.728	-1
112	25	1	1	1	820.84	-1
112	25	2	1	1	820.275	-1
112	25	3	1	1	820.058	-1
112	25	4	1	1	820.572	-1
112	25	5	1	1	820.359	-1
112	25	6	1	1	818.949	-1
112	25	7	1	1	822.898	-1
112	25	8	1	1	823.231	-1
112	25	9	1	1	823.241	-1
112	25	10	1	1	822.776	-1
112	25	11	1	1	823.31	-1
112	25	12	1	1	822.506	-1
112	25	13	1	1	822.707	-1
112	25	14	1	1	819.304	-1
112	25	15	1	1	819.409	-1
112	25	16	1	1	820.747	-1
112	25	17	1	1	820.344	-1
112	25	18	1	1	823.471	-1
112	25	19	1	1	823.724	-1
112	25	20	1	1	824.828	-1
112	25	21	1	1	824.512	-1
112	25	22	1	1	824.453	-1
112	25	23	1	1	825.005	-1
112	25	24	1	1	823.948	-1
112	25	25	1	1	820.434	-1
112	25	26	1	1	820.147	-1
112	25	27	1	1	820.734	-1
112	25	28	1	1	818.79	-1
112	25	29	1	1	820.636	-1
112	25	30	1	1	821.133	-1
112	25	31	1	1	819.468	-1
# Y7-D
112	26	0	1	1	820.502	-1
112	26	1	1	1	820.732	-1
112	26	2	1	1	823.299	-1
112	26	3	1	1	824.181	-1
112	26	4	1	1	824.756	-1
112	26	5	1	1	823.96	-1
112	26	6	1	1	824.017	-1
112	26	7	1	1	824.204	-1
112	26	8	1	1	823.834	-1
112	26	9	1	1	820.12	-1
112	26	10	1	1	820.219	-1
112	26	11	1	1	820.434	-1
112	26	12	1	1	818.721	-1
112	26	13	1	1	820.013	-1
112	26	14	1	1	820.944	-1
112	26	15	1	1	819.153	-1
# YP7-D
112	27	0	1	1	821.314	-1
112	27	1	1	1	820.78	-1
112	27	2	1	1	823.842	-1
112	27	3	1	1	823.748	-1
112	27	4	1	1	824.359	-1
112	27	5	1	1	824.247	-1
112	27	6	1	1	824.333	-1
112	27	7	1	1	824.822	-1
112	27	8	1	1	823.353	-1
112	27	9	1	1	819.54	-1
112	27	10	1	1	820.75	-1
112	27	11	1	1	820.109	-1
112	27	12	1	1	819.747	-1
112	27	13	1	1	819.288	-1
112	27	14	1	1	820.171	-1
112	27	15	1	1	818.78	-1
# X8-D
112	28	0	1	1	820.138	-1
112	28	1	1	1	820.87	-1
112	28	2	1	1	820.669	-1
112	28	3	1	1	820.495	-1
112	28	4	1	1	820.511	-1
112	28	5	1	1	820.024	-1
112	28	6	1	1	820.663	-1
112	28	7	1	1	823.486	-1
112	28	8	1	1	823.902	-1
112	28	9	1	1	824.014	-1
112	28	10	1	1	824.429	-1
112	28	11	1	1	823.99	-1
112	28	12	1	1	823.193	-1
112	28	13	1	1	824.322	-1
112	28	14	1	1	820.031	-1
112	28	15	1	1	820.04	-1
112	28	16	1	1	822.735	-1
112	28	17	1	1	822.076	-1
112	28	18	1	1	825.288	-1
112	28	19	1	1	825.407	-1
112	28	20	1	1	825.877	-1
112	28	21	1	1	825.645	-1
112	28	22	1	1	825.839	-1
112	28	23	1	1	826.517	-1
112	28	24	1	1	825.042	-1
112	28	25	1	1	821.307	-1
112	28	26	1	1	822.292	-1
112	28	27	1	1	821.945	-1
112	28	28	1	1	821.478	-1
112	28	29	1	1	821.011	-1
112	28	30	1	1	821.527	-1
112	28	31	1	1	820.758	-1
# XP8-D
112	29	0	1	1	820.692	-1
112	29	1	1	1	821.142	-1
112	29	2	1	1	821.294	-1
112	29	3	1	1	820.801	-1
112	29	4	1	1	821.103	-1
112	29	5	1	1	821.266	-1
112	29	6	1	1	820.342	-1
112	29	7	1	1	823.649	-1
112	29	8	1	1	823.711	-1
112	29	9	1	1	824.357	-1
112	29	10	1	1	823.577	-1
112	29	11	1	1	824.851	-1
112	29	12	1	1	823.88	-1
112	29	13	1	1	823.856	-1
112	29	14	1	1	819.916	-1
112	29	15	1	1	820.845	-1
112	29	16	1	1	821.747	-1
112	29	17	1	1	822.19	-1
112	29	18	1	1	824.605	-1
112	29	19	1	1	825.079	-1
112	29	20	1	1	826.286	-1
112	29	21	1	1	825.96	-1
112	29	22	1	1	825.75	-1
112	29	23	1	1	826.566	-1
112	29	24	1	1	825.194	-1
112	29	25	1	1	821.548	-1
112	29	26	1	1	821.499	-1
112	29	27	1	1	822.207	-1
112	29	28	1	1	820.667	-1
112	29	29	1	1	821.699	-1
112	29	30	1	1	821.762	-1
112	29	31	1	1	820.264	-1
# Y8-D
112	30	0	1	1	822.923	-1
112	30	1	1	1	822.863	-1
112	30	2	1	1	825.512	-1
112	30	3	1	1	825.658	-1
112	30	4	1	1	827.056	-1
112	30	5	1	1	826.559	-1
112	30	6	1	1	827.325	-1
112	30	7	1	1	827.121	-1
112	30	8	1	1	825.682	-1
112	30	9	1	1	822.116	-1
112	30	10	1	1	821.981	-1
112	30	11	1	1	823.128	-1
112	30	12	1	1	820.802	-1
112	30	13	1	1	822.325	-1
112	30	14	1	1	822.916	-1
112	30	15	1	1	820.796	-1
# YP8-D
112	31	0	1	1	821.873	-1
112	31	1	1	1	821.309	-1
112	31	2	1	1	824.345	-1
112	31	3	1	1	824.565	-1
112	31	4	1	1	824.883	-1
112	31	5	1	1	825.101	-1
112	31	6	1	1	825.36	-1
112	31	7	1	1	825.384	-1
112	31	8	1	1	824.279	-1
112	31	9	1	1	820.176	-1
112	31	10	1	1	820.617	-1
112	31	11	1	1	820.873	-1
112	31	12	1	1	820.52	-1
112	31	13	1	1	819.821	-1
112	31	14	1	1	820.646	-1
112	31	15	1	1	819.774	-1
# X9-D
112	32	0	1	1	820.471	-1
112	32	1	1	1	821.19	-1
112	32	2	1	1	821.293	-1
112	32	3	1	1	820.912	-1
112	32	4	1	1	821.104	-1
112	32	5	1	1	820.747	-1
112	32	6	1	1	821.78	-1
112	32	7	1	1	825.276	-1
112	32	8	1	1	824.231	-1
112	32	9	1	1	824.268	-1
112	32	10	1	1	824.898	-1
112	32	11	1	1	823.808	-1
112	32	12	1	1	823.687	-1
112	32	13	1	1	824.65	-1
112	32	14	1	1	821.333	-1
112	32	15	1	1	820.782	-1
112	32	16	1	1	824.044	-1
112	32	17	1	1	823.019	-1
112	32	18	1	1	826.725	-1
112	32	19	1	1	826.214	-1
112	32	20	1	1	826.591	-1
112	32	21	1	1	827.529	-1
112	32	22	1	1	827.575	-1
112	32	23	1	1	827.337	-1
112	32	24	1	1	826.396	-1
112	32	25	1	1	822.73	-1
112	32	26	1	1	823.252	-1
112	32	27	1	1	823.335	-1
112	32	28	1	1	823.229	-1
112	32	29	1	1	822.461	-1
112	32	30	1	1	823.201	-1
112	32	31	1	1	821.876	-1
# XP9-D
112	33	0	1	1	820.334	-1
112	33	1	1	1	820.975	-1
112	33	2	1	1	820.994	-1
112	33	3	1	1	820.269	-1
112	33	4	1	1	820.756	-1
112	33	5	1	1	821.091	-1
112	33	6	1	1	819.911	-1
112	33	7	1	1	824.476	-1
112	33	8	1	1	824.05	-1
112	33	9	1	1	823.995	-1
112	33	10	1	1	823.897	-1
112	33	11	1	1	824.376	-1
112	33	12	1	1	823.395	-1
112	33	13	1	1	823.089	-1
112	33	14	1	1	820.984	-1
112	33	15	1	1	820.53	-1
112	33	16	1	1	822.968	-1
112	33	17	1	1	822.798	-1
112	33	18	1	1	826.224	-1
112	33	19	1	1	826.343	-1
112	33	20	1	1	827.387	-1
112	33	21	1	1	827.075	-1
112	33	22	1	1	827.566	-1
112	33	23	1	1	828.004	-1
112	33	24	1	1	826.891	-1
112	33	25	1	1	823.373	-1
112	33	26	1	1	822.944	-1
112	33	27	1	1	824.043	-1
112	33	28	1	1	821.631	-1
112	33	29	1	1	823.455	-1
112	33	30	1	1	823.73	-1
112	33	31	1	1	821.921	-1
# Y9-D
112	34	0	1	1	822.704	-1
112	34	1	1	1	822.846	-1
112	34	2	1	1	825.736	-1
112	34	3	1	1	825.676	-1
112	34	4	1	1	826.672	-1
112	34	5	1	1	825.868	-1
112	34	6	1	1	825.954	-1
112	34	7	1	1	826.562	-1
112	34	8	1	1	825.517	-1
112	34	9	1	1	821.11	-1
112	34	10	1	1	821.623	-1
112	34	11	1	1	821.974	-1
112	34	12	1	1	820.671	-1
112	34	13	1	1	821.497	-1
112	34	14	1	1	821.869	-1
112	34	15	1	1	820.634	-1
# YP9-D
112	35	0	1	1	823.137	-1
112	35	1	1	1	822.489	-1
112	35	2	1	1	825.315	-1
112	35	3	1	1	825.518	-1
112	35	4	1	1	825.865	-1
112	35	5	1	1	826.016	-1
112	35	6	1	1	825.833	-1
112	35	7	1	1	826.028	-1
112	35	8	1	1	824.817	-1
112	35	9	1	1	820.476	-1
112	35	10	1	1	821.603	-1
112	35	11	1	1	821.285	-1
112	35	12	1	1	820.846	-1
112	35	13	1	1	820.858	-1
112	35	14	1	1	820.817	-1
112	35	15	1	1	820.322	-1
#########################################################
# AFT-U LowGain                                         #
#########################################################
# X1-U
112	0	0	2	0	801.753	858.51
112	0	1	2	0	802.722	862.195
112	0	2	2	0	802.429	864.729
112	0	3	2	0	802.792	867.407
112	0	4	2	0	799.912	862.302
112	0	5	2	0	812.086	882.082
112	0	6	2	0	801.423	867.235
112	0	7	2	0	812.89	884.555
112	0	8	2	0	800.188	870.713
112	0	9	2	0	804.904	873.458
112	0	10	2	0	802.606	875.352
112	0	11	2	0	808.101	876.219
112	0	12	2	0	805.736	877.129
112	0	13	2	0	814.668	880.544
112	0	14	2	0	808.944	877.507
112	0	15	2	0	803.913	877.838
112	0	16	2	0	807.923	882.22
112	0	17	2	0	812.418	885.077
112	0	18	2	0	815.337	892.56
112	0	19	2	0	811.344	893.116
112	0	20	2	0	814.865	891.788
112	0	21	2	0	810.942	882.655
112	0	22	2	0	806.911	887.312
112	0	23	2	0	813.454	895.209
112	0	24	2	0	819.539	899.052
112	0	25	2	0	806.703	877.355
112	0	26	2	0	810.991	888.672
112	0	27	2	0	807.979	880.597
112	0	28	2	0	806.424	879.837
112	0	29	2	0	805.848	876.962
112	0	30	2	0	814.234	886.615
112	0	31	2	0	804.858	879.731
# XP1-U
112	1	0	2	0	808.767	867.159
112	1	1	2	0	809.141	874.508
112	1	2	2	0	805.397	874.018
112	1	3	2	0	803.885	873.13
112	1	4	2	0	809.926	878.407
112	1	5	2	0	810.085	876.871
112	1	6	2	0	809.628	879.29
112	1	7	2	0	806.679	879.245
112	1	8	2	0	802.989	877.78
112	1	9	2	0	809.265	885.683
112	1	10	2	0	801.526	875.686
112	1	11	2	0	806.885	880.376
112	1	12	2	0	809.975	885.409
112	1	13	2	0	810.827	886.958
112	1	14	2	0	806.487	875.413
112	1	15	2	0	804.928	875.886
112	1	16	2	0	818.211	896.014
112	1	17	2	0	810.229	888.713
112	1	18	2	0	811.213	896.575
112	1	19	2	0	812.37	898.643
112	1	20	2	0	816.795	907.508
112	1	21	2	0	808.94	892.182
112	1	22	2	0	812.282	898.619
112	1	23	2	0	811.356	893.202
112	1	24	2	0	810.979	889.493
112	1	25	2	0	812.614	889.531
112	1	26	2	0	813.475	891.842
112	1	27	2	0	811.412	887.522
112	1	28	2	0	806.554	880.999
112	1	29	2	0	810.982	887.031
112	1	30	2	0	819.977	893.956
112	1	31	2	0	815.927	894.147
# Y1-U
112	2	0	2	0	821.025	883.576
112	2	1	2	0	824.384	886.037
112	2	2	2	0	823.911	889.583
112	2	3	2	0	816.619	890.534
112	2	4	2	0	819.686	894.755
112	2	5	2	0	829.218	898.462
112	2	6	2	0	811.795	885.815
112	2	7	2	0	821.611	890.443
112	2	8	2	0	823.074	896.902
112	2	9	2	0	818.333	886.672
112	2	10	2	0	823.8	888.058
112	2	11	2	0	820.377	893.051
112	2	12	2	0	816.766	881.228
112	2	13	2	0	823.834	891.425
112	2	14	2	0	825.172	890.061
112	2	15	2	0	820.031	887.011
# YP1-U
112	3	0	2	0	815.473	882.924
112	3	1	2	0	820.702	891.846
112	3	2	2	0	821.34	894.624
112	3	3	2	0	820.568	888.414
112	3	4	2	0	818.555	886.634
112	3	5	2	0	819.819	894.378
112	3	6	2	0	822.194	901.952
112	3	7	2	0	829.474	904.604
112	3	8	2	0	824.092	897.209
112	3	9	2	0	823.728	897.963
112	3	10	2	0	825.33	893.489
112	3	11	2	0	818.943	891.21
112	3	12	2	0	824.99	900.187
112	3	13	2	0	827.79	896.528
112	3	14	2	0	825.276	899.347
112	3	15	2	0	813.874	883.87
# X2-U
112	4	0	2	0	837.316	907.532
112	4	1	2	0	834.976	905.351
112	4	2	2	0	836.714	908.289
112	4	3	2	0	836.321	910.907
112	4	4	2	0	835.732	904.853
112	4	5	2	0	840.543	912.698
112	4	6	2	0	839.696	914.071
112	4	7	2	0	833.449	911.561
112	4	8	2	0	836.663	893.799
112	4	9	2	0	834.606	905.389
112	4	10	2	0	841.256	919.124
112	4	11	2	0	834.132	911.572
112	4	12	2	0	838.954	921.71
112	4	13	2	0	845.65	931.529
112	4	14	2	0	837.957	920.872
112	4	15	2	0	839.202	920.93
112	4	16	2	0	832.559	903.426
112	4	17	2	0	831.174	900.555
112	4	18	2	0	830.208	897.518
112	4	19	2	0	831.277	903.026
112	4	20	2	0	824.34	898.978
112	4	21	2	0	822.777	893.378
112	4	22	2	0	825.09	897.871
112	4	23	2	0	834.386	903.899
112	4	24	2	0	832.118	905.053
112	4	25	2	0	828.081	897.278
112	4	26	2	0	826.841	893.504
112	4	27	2	0	822.552	891.049
112	4	28	2	0	834.598	904.017
112	4	29	2	0	820.475	888.727
112	4	30	2	0	827.736	892.567
112	4	31	2	0	822.079	891.228
# XP2-U
112	5	0	2	0	841.277	906.31
112	5	1	2	0	842.147	910.247
112	5	2	2	0	836.342	902.401
112	5	3	2	0	838.132	905.258
112	5	4	2	0	837.708	909.107
112	5	5	2	0	831.805	896.554
112	5	6	2	0	830.414	904.815
112	5	7	2	0	838.932	918.851
112	5	8	2	0	839.554	914.478
112	5	9	2	0	841.088	917.454
112	5	10	2	0	841.22	921.846
112	5	11	2	0	842.161	918.396
112	5	12	2	0	843.012	925.973
112	5	13	2	0	838.044	914.678
112	5	14	2	0	845.064	924.432
112	5	15	2	0	838.904	920.269
112	5	16	2	0	828.794	897.029
112	5	17	2	0	832.756	898.485
112	5	18	2	0	832.469	903.006
112	5	19	2	0	831.239	904.973
112	5	20	2	0	825.397	904.293
112	5	21	2	0	823.782	897.153
112	5	22	2	0	823.583	897.045
112	5	23	2	0	828.873	898.66
112	5	24	2	0	829.091	901.648
112	5	25	2	0	830.117	898.345
112	5	26	2	0	825.272	887.433
112	5	27	2	0	824.75	885.895
112	5	28	2	0	834.819	900.365
112	5	29	2	0	825.101	887.552
112	5	30	2	0	828.801	896.111
112	5	31	2	0	824.711	891.584
# Y2-U
112	6	0	2	0	796.017	858.433
112	6	1	2	0	791.294	856.58
112	6	2	2	0	793.364	859.327
112	6	3	2	0	795.439	864.444
112	6	4	2	0	793.28	867.089
112	6	5	2	0	793.548	864.88
112	6	6	2	0	796.829	867.397
112	6	7	2	0	799.908	872.889
112	6	8	2	0	797.783	870.129
112	6	9	2	0	800.518	866.657
112	6	10	2	0	801.224	869.704
112	6	11	2	0	792.55	857.971
112	6	12	2	0	794.962	856.13
112	6	13	2	0	793.123	857.045
112	6	14	2	0	786.911	849.818
112	6	15	2	0	792.081	865.12
# YP2-U
112	7	0	2	0	791.984	850.497
112	7	1	2	0	794.526	854.954
112	7	2	2	0	797.579	861.555
112	7	3	2	0	801.901	865.27
112	7	4	2	0	794.572	864.588
112	7	5	2	0	794.728	866.008
112	7	6	2	0	796.307	871.13
112	7	7	2	0	793.494	865.523
112	7	8	2	0	798.032	868.633
112	7	9	2	0	793.982	861.022
112	7	10	2	0	796.106	851.661
112	7	11	2	0	797.108	864.787
112	7	12	2	0	799.964	874.5
112	7	13	2	0	792.103	862.377
112	7	14	2	0	794.064	858.808
112	7	15	2	0	785.153	853.332
# X3-U
112	8	0	2	0	811.89	870.843
112	8	1	2	0	801.949	848.17
112	8	2	2	0	815.994	887.562
112	8	3	2	0	809.957	882.046
112	8	4	2	0	805.624	871.876
112	8	5	2	0	812.808	881.938
112	8	6	2	0	808.926	882.472
112	8	7	2	0	810.512	891.676
112	8	8	2	0	811.748	887.812
112	8	9	2	0	807.158	883.59
112	8	10	2	0	812.108	886.126
112	8	11	2	0	816.875	891.339
112	8	12	2	0	812.441	894.746
112	8	13	2	0	808.981	884.376
112	8	14	2	0	812.378	888.217
112	8	15	2	0	811.906	883.314
112	8	16	2	0	833.923	904.696
112	8	17	2	0	832.007	908.957
112	8	18	2	0	842.099	922.881
112	8	19	2	0	830.55	910.026
112	8	20	2	0	833.534	908.846
112	8	21	2	0	832.386	912.574
112	8	22	2	0	834.279	912.13
112	8	23	2	0	838.649	917.224
112	8	24	2	0	829.343	908.115
112	8	25	2	0	833.276	903.056
112	8	26	2	0	834.054	907.952
112	8	27	2	0	835.939	913.981
112	8	28	2	0	829.869	899.588
112	8	29	2	0	830.339	901.126
112	8	30	2	0	837.439	906.567
112	8	31	2	0	832.378	902.723
# XP3-U
112	9	0	2	0	800.351	877.687
112	9	1	2	0	811.859	881.037
112	9	2	2	0	811.801	878.123
112	9	3	2	0	802.063	865.664
112	9	4	2	0	812.29	876.303
112	9	5	2	0	811.759	880.397
112	9	6	2	0	816.036	881.013
112	9	7	2	0	817.898	895.216
112	9	8	2	0	816.217	897.3
112	9	9	2	0	811.062	887.574
112	9	10	2	0	806.85	883.96
112	9	11	2	0	815.5	890.782
112	9	12	2	0	816.505	889.594
112	9	13	2	0	818.328	893.245
112	9	14	2	0	807.939	878.977
112	9	15	2	0	804.483	874.42
112	9	16	2	0	832.863	905.924
112	9	17	2	0	838.685	910.408
112	9	18	2	0	834.084	911.767
112	9	19	2	0	836.352	914.562
112	9	20	2	0	834.095	909.631
112	9	21	2	0	840.783	916.207
112	9	22	2	0	831.958	913.524
112	9	23	2	0	828.888	910.429
112	9	24	2	0	840.493	919.056
112	9	25	2	0	839.543	913.495
112	9	26	2	0	834.885	890.218
112	9	27	2	0	835.358	887.126
112	9	28	2	0	838.495	905.896
112	9	29	2	0	828.585	891.774
112	9	30	2	0	828.343	901.361
112	9	31	2	0	830.468	900.192
# Y3-U
112	10	0	2	0	860.384	927.546
112	10	1	2	0	855.989	923.034
112	10	2	2	0	858.657	932.266
112	10	3	2	0	860.307	929.996
112	10	4	2	0	865.964	936.336
112	10	5	2	0	857.352	930.151
112	10	6	2	0	856.969	924.387
112	10	7	2	0	852.41	925.884
112	10	8	2	0	857.804	933.847
112	10	9	2	0	852.224	927.931
112	10	10	2	0	852.442	922.646
112	10	11	2	0	862.192	934.279
112	10	12	2	0	854.81	927.279
112	10	13	2	0	860.432	929.375
112	10	14	2	0	856.171	922.376
112	10	15	2	0	860.625	927.023
# YP3-U
112	11	0	2	0	859.87	920.626
112	11	1	2	0	848.531	920.164
112	11	2	2	0	860.752	932.962
112	11	3	2	0	863.577	933.042
112	11	4	2	0	863.714	935.592
112	11	5	2	0	860.381	928.363
112	11	6	2	0	857.086	927.303
112	11	7	2	0	860.114	934.834
112	11	8	2	0	856.659	929.524
112	11	9	2	0	853.882	922.997
112	11	10	2	0	854.464	927.043
112	11	11	2	0	853.989	929.443
112	11	12	2	0	856.422	923.164
112	11	13	2	0	861.488	928.226
112	11	14	2	0	860.405	928.647
112	11	15	2	0	858.503	924.636
# X4-U
112	12	0	2	0	806.093	880.346
112	12	1	2	0	818.376	892.282
112	12	2	2	0	813.741	890.944
112	12	3	2	0	816.674	888.725
112	12	4	2	0	812.729	880.971
112	12	5	2	0	814.396	885.119
112	12	6	2	0	808.615	876.786
112	12	7	2	0	821.02	891.894
112	12	8	2	0	809.138	879.068
112	12	9	2	0	809.874	878.169
112	12	10	2	0	809.853	881.078
112	12	11	2	0	815.084	886.398
112	12	12	2	0	814.245	885.332
112	12	13	2	0	816.824	890.703
112	12	14	2	0	805.772	879.16
112	12	15	2	0	812.884	881.187
112	12	16	2	0	837.096	909.424
112	12	17	2	0	832.785	906.472
112	12	18	2	0	837.019	906.184
112	12	19	2	0	839.03	914.708
112	12	20	2	0	838.087	915.01
112	12	21	2	0	836.941	905.673
112	12	22	2	0	838.025	911.099
112	12	23	2	0	836.061	908.818
112	12	24	2	0	838.189	915.658
112	12	25	2	0	835.99	908.13
112	12	26	2	0	836.542	907.401
112	12	27	2	0	846.956	912.956
112	12	28	2	0	837.809	907.675
112	12	29	2	0	834.585	906.668
112	12	30	2	0	841.54	915.177
112	12	31	2	0	835.756	912.958
# XP4-U
112	13	0	2	0	802.127	877.562
112	13	1	2	0	805.363	874.932
112	13	2	2	0	808.54	877.536
112	13	3	2	0	813.133	876.067
112	13	4	2	0	815.93	880.958
112	13	5	2	0	810.22	877.89
112	13	6	2	0	817.597	885.557
112	13	7	2	0	807.492	875.904
112	13	8	2	0	812.607	881.951
112	13	9	2	0	808.6	881.404
112	13	10	2	0	812.833	881.968
112	13	11	2	0	811.721	879.07
112	13	12	2	0	804.009	872.896
112	13	13	2	0	812.03	881.902
112	13	14	2	0	809.285	879.579
112	13	15	2	0	816.122	887.883
112	13	16	2	0	841.932	912.7
112	13	17	2	0	837.681	912.563
112	13	18	2	0	840.183	911.413
112	13	19	2	0	840.617	917.831
112	13	20	2	0	847.738	919.875
112	13	21	2	0	838.431	903.711
112	13	22	2	0	841.582	912.916
112	13	23	2	0	841.829	914.096
112	13	24	2	0	842.767	910.63
112	13	25	2	0	843.333	909.379
112	13	26	2	0	845.442	915.272
112	13	27	2	0	840.728	906.248
112	13	28	2	0	840.999	905.431
112	13	29	2	0	841.747	916.698
112	13	30	2	0	839.751	911.97
112	13	31	2	0	840.053	912.428
# Y4-U
112	14	0	2	0	799.436	865.321
112	14	1	2	0	797.613	866.237
112	14	2	2	0	795.343	861.952
112	14	3	2	0	804.573	881.099
112	14	4	2	0	795.832	870.201
112	14	5	2	0	800.202	868.086
112	14	6	2	0	791.319	864.346
112	14	7	2	0	799.301	872.836
112	14	8	2	0	800.511	864.944
112	14	9	2	0	805.275	871.118
112	14	10	2	0	800.903	864.579
112	14	11	2	0	796.384	861.931
112	14	12	2	0	794.534	864.226
112	14	13	2	0	799.466	863.475
112	14	14	2	0	801.314	872.068
112	14	15	2	0	791.49	854.378
# YP4-U
112	15	0	2	0	792.98	836.085
112	15	1	2	0	793.668	861.77
112	15	2	2	0	802.174	879.544
112	15	3	2	0	794.731	870.274
112	15	4	2	0	795.833	866.801
112	15	5	2	0	795.497	858.42
112	15	6	2	0	800.251	872.351
112	15	7	2	0	791.359	863.901
112	15	8	2	0	800.333	867.646
112	15	9	2	0	792.363	863.223
112	15	10	2	0	796.751	864.108
112	15	11	2	0	795.259	865.281
112	15	12	2	0	804.044	866.837
112	15	13	2	0	798.572	864.224
112	15	14	2	0	801.609	866.829
112	15	15	2	0	799.177	859.627
# X5-U
112	16	0	2	0	807.687	873.03
112	16	1	2	0	813.808	883.089
112	16	2	2	0	808.295	878.264
112	16	3	2	0	810.305	876.267
112	16	4	2	0	813.662	885.932
112	16	5	2	0	808.548	877.195
112	16	6	2	0	811.738	880.736
112	16	7	2	0	805.923	879.43
112	16	8	2	0	804.666	881.191
112	16	9	2	0	802.269	883.251
112	16	10	2	0	806.983	881.165
112	16	11	2	0	807.967	876.864
112	16	12	2	0	812.911	891.894
112	16	13	2	0	810.907	883.041
112	16	14	2	0	804.923	875.373
112	16	15	2	0	806.656	876.305
112	16	16	2	0	831.516	904.364
112	16	17	2	0	830.384	902.424
112	16	18	2	0	826.987	896.436
112	16	19	2	0	835.303	912.425
112	16	20	2	0	825.984	900.434
112	16	21	2	0	827.68	900.336
112	16	22	2	0	824.902	903.499
112	16	23	2	0	828.05	910.191
112	16	24	2	0	829.783	902.871
112	16	25	2	0	825.872	899.967
112	16	26	2	0	827.567	880.830
112	16	27	2	0	826.125	904.004
112	16	28	2	0	829.964	904.839
112	16	29	2	0	830.474	897.339
112	16	30	2	0	829.072	902.307
112	16	31	2	0	827.178	899.911
# XP5-U
112	17	0	2	0	799.363	870.223
112	17	1	2	0	806.046	872.26
112	17	2	2	0	809.683	878.29
112	17	3	2	0	809.643	882.769
112	17	4	2	0	799.674	865.248
112	17	5	2	0	809.171	873.412
112	17	6	2	0	808.179	876.006
112	17	7	2	0	808.278	884.666
112	17	8	2	0	811.604	878.972
112	17	9	2	0	810.188	887.252
112	17	10	2	0	802.54	880.984
112	17	11	2	0	809.421	884.236
112	17	12	2	0	813.815	885.396
112	17	13	2	0	811.509	884.384
112	17	14	2	0	802.112	865.709
112	17	15	2	0	811.017	882.144
112	17	16	2	0	833.18	906.988
112	17	17	2	0	830.037	905.869
112	17	18	2	0	832.466	908.867
112	17	19	2	0	831.837	906.436
112	17	20	2	0	828.733	901.733
112	17	21	2	0	831.941	902.877
112	17	22	2	0	824.328	899.684
112	17	23	2	0	831.963	908.704
112	17	24	2	0	826.536	901.458
112	17	25	2	0	827.36	896.765
112	17	26	2	0	824.051	896.474
112	17	27	2	0	834.402	900.489
112	17	28	2	0	823.5	898.975
112	17	29	2	0	832.628	902.1
112	17	30	2	0	826.276	895.424
112	17	31	2	0	828.265	898.115
# Y5-U
112	18	0	2	0	834.885	896.045
112	18	1	2	0	843.259	906.935
112	18	2	2	0	842.535	907.535
112	18	3	2	0	838.448	900.737
112	18	4	2	0	835.755	907.953
112	18	5	2	0	832.712	896.269
112	18	6	2	0	838.446	910.035
112	18	7	2	0	838.5	912.879
112	18	8	2	0	839.728	916.243
112	18	9	2	0	836.507	903.614
112	18	10	2	0	837.144	901.439
112	18	11	2	0	844.938	915.523
112	18	12	2	0	848.15	913.269
112	18	13	2	0	845.883	912.342
112	18	14	2	0	845.293	913.645
112	18	15	2	0	841.969	903.027
# YP5-U
112	19	0	2	0	839.637	903.862
112	19	1	2	0	838.076	896.099
112	19	2	2	0	835.192	895.218
112	19	3	2	0	849.761	920.539
112	19	4	2	0	843.95	907.824
112	19	5	2	0	838.086	904.539
112	19	6	2	0	835.343	904.539
112	19	7	2	0	844.999	916.044
112	19	8	2	0	839.476	913.256
112	19	9	2	0	834.242	896.904
112	19	10	2	0	844.823	911.528
112	19	11	2	0	843.026	904.283
112	19	12	2	0	835.583	899.992
112	19	13	2	0	840.322	905.356
112	19	14	2	0	841.477	903.847
112	19	15	2	0	839.912	909.509
# X6-U
112	20	0	2	0	819.201	886.565
112	20	1	2	0	816.783	886.121
112	20	2	2	0	824.115	881.309
112	20	3	2	0	818.088	884.34
112	20	4	2	0	824.078	891.886
112	20	5	2	0	819.863	886.2
112	20	6	2	0	820.826	894.463
112	20	7	2	0	825.51	894.523
112	20	8	2	0	818.454	884.374
112	20	9	2	0	817.967	887.754
112	20	10	2	0	826.802	903.71
112	20	11	2	0	819.787	887.983
112	20	12	2	0	816.992	888.626
112	20	13	2	0	826.086	894.763
112	20	14	2	0	817.917	885.217
112	20	15	2	0	823.62	894.838
112	20	16	2	0	819.663	870.384
112	20	17	2	0	834.687	905.382
112	20	18	2	0	832.121	905.114
112	20	19	2	0	829.026	896.964
112	20	20	2	0	830.391	901.195
112	20	21	2	0	816.99	890.585
112	20	22	2	0	828.731	896.561
112	20	23	2	0	826.76	898.761
112	20	24	2	0	829.757	898.747
112	20	25	2	0	818.706	888.972
112	20	26	2	0	827.491	893.669
112	20	27	2	0	829.73	896.437
112	20	28	2	0	831.823	900.172
112	20	29	2	0	831.241	896.176
112	20	30	2	0	823.97	886.268
112	20	31	2	0	818.379	885.189
# XP6-U
112	21	0	2	0	822.605	889.375
112	21	1	2	0	821.826	890.701
112	21	2	2	0	816.65	880.82
112	21	3	2	0	819.569	886.219
112	21	4	2	0	821.141	888.752
112	21	5	2	0	816.098	881.365
112	21	6	2	0	818.968	885.738
112	21	7	2	0	818.695	885.131
112	21	8	2	0	819.471	889.932
112	21	9	2	0	822.921	891.11
112	21	10	2	0	816.362	888.268
112	21	11	2	0	813.433	887.275
112	21	12	2	0	823.669	892.234
112	21	13	2	0	825	894.491
112	21	14	2	0	817.149	880.532
112	21	15	2	0	821.292	892.114
112	21	16	2	0	824.549	889.246
112	21	17	2	0	827.435	893.359
112	21	18	2	0	825.169	895.856
112	21	19	2	0	822.301	891.977
112	21	20	2	0	822.928	900.409
112	21	21	2	0	830.353	901.869
112	21	22	2	0	823.266	888.868
112	21	23	2	0	827.766	901.483
112	21	24	2	0	825.103	897.543
112	21	25	2	0	820.165	881.822
112	21	26	2	0	827.872	898.456
112	21	27	2	0	831.456	893.347
112	21	28	2	0	824.081	890.997
112	21	29	2	0	830.742	898.153
112	21	30	2	0	824.919	889.866
112	21	31	2	0	829.374	897.444
# Y6-U
112	22	0	2	0	840.417	908.39
112	22	1	2	0	846.371	901.248
112	22	2	2	0	842.308	905.308
112	22	3	2	0	841.281	908.866
112	22	4	2	0	855.658	927.535
112	22	5	2	0	841.887	910.87
112	22	6	2	0	848.143	918.552
112	22	7	2	0	842.507	915.051
112	22	8	2	0	842.567	920.815
112	22	9	2	0	840.134	908.087
112	22	10	2	0	841.759	904.961
112	22	11	2	0	845.805	909.489
112	22	12	2	0	842.513	913.022
112	22	13	2	0	842.995	910.676
112	22	14	2	0	839.207	906.826
112	22	15	2	0	839.258	908.715
# YP6-U
112	23	0	2	0	839.821	905.974
112	23	1	2	0	842.393	903.672
112	23	2	2	0	845.459	910.698
112	23	3	2	0	841.7	900.839
112	23	4	2	0	845.606	910.804
112	23	5	2	0	842.866	910.741
112	23	6	2	0	846.456	913.209
112	23	7	2	0	845.214	910.264
112	23	8	2	0	844.029	913.087
112	23	9	2	0	840.697	906.55
112	23	10	2	0	844.83	913.183
112	23	11	2	0	842.441	907.495
112	23	12	2	0	841.321	909.039
112	23	13	2	0	837.325	905.312
112	23	14	2	0	848.609	911.26
112	23	15	2	0	835.6	907.394
# X7-U
112	24	0	2	0	817.18	886.82
112	24	1	2	0	820.099	898.429
112	24	2	2	0	814.513	885.793
112	24	3	2	0	808.955	883.87
112	24	4	2	0	813.664	892.678
112	24	5	2	0	809.598	884.713
112	24	6	2	0	813.563	886.506
112	24	7	2	0	809.798	889.83
112	24	8	2	0	811.321	894.652
112	24	9	2	0	817.376	897.764
112	24	10	2	0	823.152	899.473
112	24	11	2	0	816.699	889.854
112	24	12	2	0	811.283	892.573
112	24	13	2	0	805.412	886.723
112	24	14	2	0	819.07	897.01
112	24	15	2	0	812.652	873.735
112	24	16	2	0	827.064	895.596
112	24	17	2	0	823.715	890.987
112	24	18	2	0	825.129	904.821
112	24	19	2	0	822.615	892.584
112	24	20	2	0	825.409	901.666
112	24	21	2	0	825.014	900.496
112	24	22	2	0	822.532	897.364
112	24	23	2	0	826.49	899.581
112	24	24	2	0	829.828	901.335
112	24	25	2	0	820.491	886.287
112	24	26	2	0	824.75	898.988
112	24	27	2	0	833.534	910.297
112	24	28	2	0	827.046	893.238
112	24	29	2	0	826.233	894.209
112	24	30	2	0	823.622	888.157
112	24	31	2	0	818.988	890.61
# XP7-U
112	25	0	2	0	822.877	889.233
112	25	1	2	0	817.331	885.235
112	25	2	2	0	814.257	885.788
112	25	3	2	0	813.335	885.506
112	25	4	2	0	825.301	898.576
112	25	5	2	0	814.46	894.141
112	25	6	2	0	811.291	890.795
112	25	7	2	0	810.551	888.322
112	25	8	2	0	814.125	891.235
112	25	9	2	0	818.283	896.932
112	25	10	2	0	814.321	885.99
112	25	11	2	0	820.592	897.544
112	25	12	2	0	815.33	888.067
112	25	13	2	0	808.961	888.337
112	25	14	2	0	822.083	899.757
112	25	15	2	0	812.983	886.701
112	25	16	2	0	826.738	905.347
112	25	17	2	0	826.295	897.263
112	25	18	2	0	823.644	897.666
112	25	19	2	0	825.844	897.899
112	25	20	2	0	821.782	897.828
112	25	21	2	0	825.922	893.427
112	25	22	2	0	822.497	891.795
112	25	23	2	0	817.962	891.639
112	25	24	2	0	824.468	899.785
112	25	25	2	0	818.04	886.81
112	25	26	2	0	832.738	904.057
112	25	27	2	0	825.333	898.655
112	25	28	2	0	826.23	887.616
112	25	29	2	0	821.228	891.88
112	25	30	2	0	816.208	885.588
112	25	31	2	0	820.478	891.284
# Y7-U
112	26	0	2	0	814.129	874.035
112	26	1	2	0	814.357	870.596
112	26	2	2	0	812.923	875.154
112	26	3	2	0	814.741	886.725
112	26	4	2	0	816.085	871.836
112	26	5	2	0	817.343	886.247
112	26	6	2	0	813.754	880.523
112	26	7	2	0	824.126	884.383
112	26	8	2	0	823.269	893.056
112	26	9	2	0	809.566	880.468
112	26	10	2	0	818.579	887.151
112	26	11	2	0	819.245	881.968
112	26	12	2	0	809.634	879.5
112	26	13	2	0	814.549	885.103
112	26	14	2	0	812.184	878.101
112	26	15	2	0	817.63	880.979
# YP7-U
112	27	0	2	0	815.718	875.38
112	27	1	2	0	819.397	883.268
112	27	2	2	0	825.158	889.911
112	27	3	2	0	814.633	879.781
112	27	4	2	0	818.732	888.726
112	27	5	2	0	821.082	889.489
112	27	6	2	0	816.839	885.818
112	27	7	2	0	816.244	887.996
112	27	8	2	0	814.82	879.553
112	27	9	2	0	816.648	877.331
112	27	10	2	0	817.376	885.294
112	27	11	2	0	817.839	886.226
112	27	12	2	0	807.79	871.786
112	27	13	2	0	817.888	884.389
112	27	14	2	0	825.588	896.27
112	27	15	2	0	814.736	887.218
# X8-U
112	28	0	2	0	820.03	896.053
112	28	1	2	0	820.086	896.735
112	28	2	2	0	824.703	899.262
112	28	3	2	0	822.027	897.811
112	28	4	2	0	818.379	893.612
112	28	5	2	0	824.319	905.309
112	28	6	2	0	817.113	888.863
112	28	7	2	0	819.052	888.995
112	28	8	2	0	818.199	893.284
112	28	9	2	0	818.686	906.16
112	28	10	2	0	824.333	906.116
112	28	11	2	0	816.085	894.921
112	28	12	2	0	817.524	896.781
112	28	13	2	0	820.318	900.176
112	28	14	2	0	823.455	901.546
112	28	15	2	0	825.413	902.28
112	28	16	2	0	828.642	905.374
112	28	17	2	0	827.069	909.973
112	28	18	2	0	832.788	903.591
112	28	19	2	0	825.168	902.182
112	28	20	2	0	825.034	908.047
112	28	21	2	0	823.609	901.704
112	28	22	2	0	831.642	914.596
112	28	23	2	0	833.825	917.466
112	28	24	2	0	821.772	902.193
112	28	25	2	0	828.533	901.998
112	28	26	2	0	828.692	905.9
112	28	27	2	0	834.052	910.966
112	28	28	2	0	826.106	899.233
112	28	29	2	0	829.899	905.877
112	28	30	2	0	823.934	900.746
112	28	31	2	0	825.151	901.274
# XP8-U
112	29	0	2	0	817.853	900.446
112	29	1	2	0	819.418	889.861
112	29	2	2	0	824.541	898.837
112	29	3	2	0	821.043	895.769
112	29	4	2	0	819.193	892.052
112	29	5	2	0	823.25	899.496
112	29	6	2	0	818.253	894.724
112	29	7	2	0	819.034	890.451
112	29	8	2	0	821.53	900.593
112	29	9	2	0	820.501	897.594
112	29	10	2	0	819.366	907.611
112	29	11	2	0	823.226	900.322
112	29	12	2	0	825.485	896.731
112	29	13	2	0	819.147	894.004
112	29	14	2	0	829.283	911.174
112	29	15	2	0	821.727	898.604
112	29	16	2	0	828.502	916.112
112	29	17	2	0	835.564	913.874
112	29	18	2	0	832.238	916.881
112	29	19	2	0	831.417	919.128
112	29	20	2	0	824.159	915.911
112	29	21	2	0	825.297	909.179
112	29	22	2	0	827.665	906.106
112	29	23	2	0	829.953	919.341
112	29	24	2	0	831.141	917.818
112	29	25	2	0	828.812	909.797
112	29	26	2	0	830.26	901.627
112	29	27	2	0	829.586	903.073
112	29	28	2	0	832.924	906.62
112	29	29	2	0	828.313	902.967
112	29	30	2	0	825.667	897.92
112	29	31	2	0	829.456	900.713
# Y8-U
112	30	0	2	0	799.09	872.626
112	30	1	2	0	808.12	877.723
112	30	2	2	0	807.519	884.454
112	30	3	2	0	811.92	883.404
112	30	4	2	0	802.654	875.659
112	30	5	2	0	804.613	886.257
112	30	6	2	0	813.901	890.268
112	30	7	2	0	820.37	894.322
112	30	8	2	0	810.48	889.937
112	30	9	2	0	809.854	883.141
112	30	10	2	0	812.682	885.308
112	30	11	2	0	802.269	879.026
112	30	12	2	0	806.806	875.195
112	30	13	2	0	809.385	878.623
112	30	14	2	0	803.389	870.389
112	30	15	2	0	803.512	873.419
# YP8-U
112	31	0	2	0	810.502	879.353
112	31	1	2	0	812.904	889.394
112	31	2	2	0	811.09	888.265
112	31	3	2	0	808.667	880.648
112	31	4	2	0	811.645	885.185
112	31	5	2	0	813.202	889.172
112	31	6	2	0	810.394	886.732
112	31	7	2	0	803.762	876.867
112	31	8	2	0	817.134	892.841
112	31	9	2	0	801.106	872.84
112	31	10	2	0	807.589	877.007
112	31	11	2	0	814.293	887.432
112	31	12	2	0	808.981	875.815
112	31	13	2	0	809.628	881.875
112	31	14	2	0	808.959	877.541
112	31	15	2	0	811.242	881.954
# X9-U
112	32	0	2	0	823.623	897.742
112	32	1	2	0	819.781	896.478
112	32	2	2	0	827.591	908.517
112	32	3	2	0	829.639	904.691
112	32	4	2	0	830.95	908.774
112	32	5	2	0	827.006	900.859
112	32	6	2	0	822.302	896.04
112	32	7	2	0	824.514	904.57
112	32	8	2	0	825.162	903.723
112	32	9	2	0	826.051	905.348
112	32	10	2	0	823.323	909.293
112	32	11	2	0	829.723	906.575
112	32	12	2	0	819.818	905.38
112	32	13	2	0	821.725	899.37
112	32	14	2	0	822.835	903.552
112	32	15	2	0	816.706	891.572
112	32	16	2	0	776.058	853.02
112	32	17	2	0	778.734	856.785
112	32	18	2	0	778.69	861.626
112	32	19	2	0	773.718	845.906
112	32	20	2	0	778.627	867.041
112	32	21	2	0	768.806	851.034
112	32	22	2	0	777.371	858.861
112	32	23	2	0	773.657	858.021
112	32	24	2	0	772.837	858.371
112	32	25	2	0	780.955	861.662
112	32	26	2	0	776.065	856.394
112	32	27	2	0	774.418	844.178
112	32	28	2	0	777.945	840.328
112	32	29	2	0	767.611	835.688
112	32	30	2	0	780.16	849.182
112	32	31	2	0	783.333	863.112
# XP9-U
112	33	0	2	0	821.384	893.264
112	33	1	2	0	820.902	892.57
112	33	2	2	0	821.303	894.554
112	33	3	2	0	821.064	894.56
112	33	4	2	0	820.46	895.466
112	33	5	2	0	827.243	896.797
112	33	6	2	0	819.603	903.287
112	33	7	2	0	826.119	907.5
112	33	8	2	0	821.377	902.323
112	33	9	2	0	826.35	901.368
112	33	10	2	0	825.869	903.999
112	33	11	2	0	819.104	900.565
112	33	12	2	0	821.411	903.844
112	33	13	2	0	827.415	909.528
112	33	14	2	0	828.345	904.804
112	33	15	2	0	820.468	898.153
112	33	16	2	0	782.356	851.274
112	33	17	2	0	784.133	860.075
112	33	18	2	0	774.632	856.119
112	33	19	2	0	776.032	849.304
112	33	20	2	0	780.169	858.482
112	33	21	2	0	772.832	851.745
112	33	22	2	0	773.022	852.408
112	33	23	2	0	774.331	853.41
112	33	24	2	0	778.146	860.45
112	33	25	2	0	778.256	859.916
112	33	26	2	0	782.267	860.733
112	33	27	2	0	774.933	854.233
112	33	28	2	0	778.868	846.007
112	33	29	2	0	776.643	838.989
112	33	30	2	0	772.888	838.258
112	33	31	2	0	773.762	843.474
# Y9-U
112	34	0	2	0	816.184	877.481
112	34	1	2	0	818.686	884.572
112	34	2	2	0	816.049	887.49
112	34	3	2	0	813.624	882.775
112	34	4	2	0	813.103	884.095
112	34	5	2	0	819.602	888.878
112	34	6	2	0	820.158	886.415
112	34	7	2	0	820.751	900.124
112	34	8	2	0	812.936	879.064
112	34	9	2	0	817.697	889.466
112	34	10	2	0	813.849	886.102
112	34	11	2	0	814.633	889.907
112	34	12	2	0	818.029	895.86
112	34	13	2	0	820.301	890.124
112	34	14	2	0	812.316	889.824
112	34	15	2	0	812.72	886.532
# YP9-U
112	35	0	2	0	814.863	881.063
112	35	1	2	0	819.577	882.292
112	35	2	2	0	810.297	874.213
112	35	3	2	0	819.94	887.468
112	35	4	2	0	823.565	891.117
112	35	5	2	0	816.295	881.343
112	35	6	2	0	817.984	887.879
112	35	7	2	0	820.202	885.863
112	35	8	2	0	826.27	900.402
112	35	9	2	0	820.404	892.834
112	35	10	2	0	818.915	885.881
112	35	11	2	0	811.864	871.826
112	35	12	2	0	819.879	887.098
112	35	13	2	0	808.216	882.411
112	35	14	2	0	822.795	903.288
112	35	15	2	0	810.499	891.988
#########################################################
# AFT-D LowGain                                         #
#########################################################
# X1-D
112	0	0	2	1	755.119	823.795
112	0	1	2	1	757.828	822.722
112	0	2	2	1	760.477	826.945
112	0	3	2	1	756.748	822.77
112	0	4	2	1	761.655	828.53
112	0	5	2	1	758.933	830.516
112	0	6	2	1	755.682	823.774
112	0	7	2	1	756.123	829.185
112	0	8	2	1	751.604	826.638
112	0	9	2	1	757.133	830.375
112	0	10	2	1	757.607	830.024
112	0	11	2	1	752.054	823.19
112	0	12	2	1	758.114	831.12
112	0	13	2	1	752.458	821.726
112	0	14	2	1	757.894	826.475
112	0	15	2	1	760.037	826.167
112	0	16	2	1	767.44	830.066
112	0	17	2	1	778.181	837.14
112	0	18	2	1	775.532	844.612
112	0	19	2	1	772.219	837.088
112	0	20	2	1	774.408	843.712
112	0	21	2	1	772.238	840.587
112	0	22	2	1	774.186	844.721
112	0	23	2	1	776.587	846.282
112	0	24	2	1	773.952	842.292
112	0	25	2	1	778.785	844.157
112	0	26	2	1	773.509	834.555
112	0	27	2	1	765.727	830.845
112	0	28	2	1	766.006	828.271
112	0	29	2	1	770.299	831.933
112	0	30	2	1	774.699	837.321
112	0	31	2	1	769.014	829.344
# XP1-D
112	1	0	2	1	754.302	817.137
112	1	1	2	1	759.469	826.334
112	1	2	2	1	755.249	826.117
112	1	3	2	1	750.366	820.123
112	1	4	2	1	758.015	827.442
112	1	5	2	1	747.257	817.886
112	1	6	2	1	757.883	826.508
112	1	7	2	1	758.962	831.119
112	1	8	2	1	758.244	831.365
112	1	9	2	1	762.307	836.194
112	1	10	2	1	752.281	826.223
112	1	11	2	1	755.506	831.284
112	1	12	2	1	754.489	831.376
112	1	13	2	1	759.069	834.912
112	1	14	2	1	757.28	828.789
112	1	15	2	1	760.157	834.525
112	1	16	2	1	776.254	842.94
112	1	17	2	1	776.201	844.651
112	1	18	2	1	775.473	847.003
112	1	19	2	1	768.762	841.143
112	1	20	2	1	774.797	850.113
112	1	21	2	1	774.951	844.141
112	1	22	2	1	773.632	848.197
112	1	23	2	1	773.349	842.762
112	1	24	2	1	773.831	848.591
112	1	25	2	1	772.785	839.905
112	1	26	2	1	768.039	836.615
112	1	27	2	1	774.218	846.546
112	1	28	2	1	766.138	834.88
112	1	29	2	1	771.993	839.193
112	1	30	2	1	777.976	838.212
112	1	31	2	1	771.859	834.196
# Y1-D
112	2	0	2	1	825.315	886.426
112	2	1	2	1	817.166	882.722
112	2	2	2	1	820.197	882.808
112	2	3	2	1	822.533	882.223
112	2	4	2	1	823.112	891.566
112	2	5	2	1	818.491	887.417
112	2	6	2	1	822.771	895.303
112	2	7	2	1	820.012	889.061
112	2	8	2	1	815.994	880.196
112	2	9	2	1	828.649	893.589
112	2	10	2	1	825.663	887.353
112	2	11	2	1	820.745	885.147
112	2	12	2	1	822.556	884.099
112	2	13	2	1	818.62	879.959
112	2	14	2	1	820.471	880.347
112	2	15	2	1	820.475	874.737
# YP1-D
112	3	0	2	1	821.127	887.327
112	3	1	2	1	823.599	885.351
112	3	2	2	1	821.045	894.673
112	3	3	2	1	817.937	886.556
112	3	4	2	1	821.913	890.723
112	3	5	2	1	823.048	888.728
112	3	6	2	1	816.127	886.667
112	3	7	2	1	822.615	891.619
112	3	8	2	1	822.542	889.318
112	3	9	2	1	820.747	883.84
112	3	10	2	1	821.831	882.122
112	3	11	2	1	823.572	885.579
112	3	12	2	1	815.809	880.803
112	3	13	2	1	821.871	881.455
112	3	14	2	1	819.11	879.255
112	3	15	2	1	826.775	886.375
# X2-D
112	4	0	2	1	784.827	858.677
112	4	1	2	1	787.427	859.614
112	4	2	2	1	793.644	865.303
112	4	3	2	1	794.936	868.617
112	4	4	2	1	787.409	862.064
112	4	5	2	1	791.795	866.169
112	4	6	2	1	785.114	860.013
112	4	7	2	1	789.565	865.544
112	4	8	2	1	791.688	872.77
112	4	9	2	1	793.952	873.137
112	4	10	2	1	796.566	871.221
112	4	11	2	1	789.11	869.756
112	4	12	2	1	796.952	872.221
112	4	13	2	1	790.412	868.873
112	4	14	2	1	794.704	869.894
112	4	15	2	1	793.914	869.023
112	4	16	2	1	847.193	916.578
112	4	17	2	1	845.048	918.857
112	4	18	2	1	845.061	920.114
112	4	19	2	1	847.134	930.312
112	4	20	2	1	844.364	924.064
112	4	21	2	1	849.434	926.488
112	4	22	2	1	847.724	927.72
112	4	23	2	1	846.763	925.174
112	4	24	2	1	840.918	916.34
112	4	25	2	1	851.508	922.885
112	4	26	2	1	850.328	928.226
112	4	27	2	1	847.711	920.414
112	4	28	2	1	839.689	910.911
112	4	29	2	1	853.247	923.312
112	4	30	2	1	838.234	907.751
112	4	31	2	1	844.142	913.741
# XP2-D
112	5	0	2	1	787.09	861.14
112	5	1	2	1	793.464	862.804
112	5	2	2	1	791.23	857.637
112	5	3	2	1	790.57	863.87
112	5	4	2	1	785.716	856.968
112	5	5	2	1	787.451	851.873
112	5	6	2	1	794.353	868.223
112	5	7	2	1	799.222	877.194
112	5	8	2	1	784.039	861.334
112	5	9	2	1	788.182	872.228
112	5	10	2	1	794.901	874.65
112	5	11	2	1	797.599	875.3
112	5	12	2	1	792.844	874.187
112	5	13	2	1	787.48	867.847
112	5	14	2	1	784.608	863.552
112	5	15	2	1	791.795	870.001
112	5	16	2	1	846.034	914.99
112	5	17	2	1	850.157	920.143
112	5	18	2	1	848.39	929.234
112	5	19	2	1	852.137	925.77
112	5	20	2	1	843.846	915.533
112	5	21	2	1	849.058	921.556
112	5	22	2	1	847.598	916.078
112	5	23	2	1	841.625	909.838
112	5	24	2	1	846.305	915.104
112	5	25	2	1	845.376	908.826
112	5	26	2	1	843.651	911.234
112	5	27	2	1	849.574	920.85
112	5	28	2	1	850.58	918.784
112	5	29	2	1	849.147	915.85
112	5	30	2	1	851.017	924.256
112	5	31	2	1	854.362	926.347
# Y2-D
112	6	0	2	1	776.016	840.909
112	6	1	2	1	777.657	844.538
112	6	2	2	1	776.262	847.556
112	6	3	2	1	770.471	837.525
112	6	4	2	1	773.837	847.048
112	6	5	2	1	764.225	837.209
112	6	6	2	1	781.469	851.099
112	6	7	2	1	774.581	844.224
112	6	8	2	1	778.709	845.73
112	6	9	2	1	778.35	845.497
112	6	10	2	1	772.497	833.497
112	6	11	2	1	764.597	827.816
112	6	12	2	1	774.128	841.225
112	6	13	2	1	777.539	837.784
112	6	14	2	1	774.601	837.583
112	6	15	2	1	764.196	808.82
# YP2-D
112	7	0	2	1	766.932	832.421
112	7	1	2	1	779.785	838.195
112	7	2	2	1	776.977	845.437
112	7	3	2	1	773.371	837.274
112	7	4	2	1	774.181	843.832
112	7	5	2	1	771.195	835.849
112	7	6	2	1	779.281	846.912
112	7	7	2	1	775.76	844.35
112	7	8	2	1	766.752	838.053
112	7	9	2	1	773.882	834.875
112	7	10	2	1	766.902	834.736
112	7	11	2	1	774.645	836.992
112	7	12	2	1	769.005	826.939
112	7	13	2	1	773.616	838.147
112	7	14	2	1	771.781	832.632
112	7	15	2	1	773.963	835.637
# X3-D
112	8	0	2	1	810.292	886.718
112	8	1	2	1	806.932	887.244
112	8	2	2	1	809.899	874.04
112	8	3	2	1	805.618	876.568
112	8	4	2	1	807.331	875.651
112	8	5	2	1	806.703	877.572
112	8	6	2	1	805.254	875.647
112	8	7	2	1	812.69	888.094
112	8	8	2	1	810.214	883.68
112	8	9	2	1	808.589	885.125
112	8	10	2	1	797.349	875.099
112	8	11	2	1	810.595	894.976
112	8	12	2	1	814.598	900.595
112	8	13	2	1	815.581	896.084
112	8	14	2	1	806.176	882.73
112	8	15	2	1	809.372	887.486
112	8	16	2	1	828.61	901.626
112	8	17	2	1	820.477	899.158
112	8	18	2	1	827.4	913.03
112	8	19	2	1	824.673	904.644
112	8	20	2	1	819.018	898.551
112	8	21	2	1	832.583	914.02
112	8	22	2	1	827.869	910.455
112	8	23	2	1	826.895	910.522
112	8	24	2	1	824.012	906.062
112	8	25	2	1	823.173	896.213
112	8	26	2	1	828.965	901.078
112	8	27	2	1	823.866	898.515
112	8	28	2	1	825.223	899.695
112	8	29	2	1	827.604	898.804
112	8	30	2	1	819.511	894.381
112	8	31	2	1	828.408	905.376
# XP3-D
112	9	0	2	1	810.547	880.679
112	9	1	2	1	804.785	879.177
112	9	2	2	1	810.204	881.695
112	9	3	2	1	808.197	879.263
112	9	4	2	1	814.905	887.584
112	9	5	2	1	805.325	880.471
112	9	6	2	1	808.408	880.156
112	9	7	2	1	810.479	893.752
112	9	8	2	1	812.375	892.311
112	9	9	2	1	808.954	891.809
112	9	10	2	1	809.948	890.467
112	9	11	2	1	809.038	891.382
112	9	12	2	1	807.775	888.738
112	9	13	2	1	808.111	889.307
112	9	14	2	1	814.159	887.126
112	9	15	2	1	802.025	877.804
112	9	16	2	1	821.749	902.067
112	9	17	2	1	823.371	903.771
112	9	18	2	1	821.099	909.496
112	9	19	2	1	821.606	906.27
112	9	20	2	1	820.213	901.75
112	9	21	2	1	822.299	906.793
112	9	22	2	1	822.196	904.834
112	9	23	2	1	818.163	897.753
112	9	24	2	1	818.59	908.434
112	9	25	2	1	828.675	900.368
112	9	26	2	1	829.655	901.804
112	9	27	2	1	823.836	897.516
112	9	28	2	1	822.209	895.531
112	9	29	2	1	825.597	895.32
112	9	30	2	1	819.654	891.822
112	9	31	2	1	819.308	891.687
# Y3-D
112	10	0	2	1	837.993	910.488
112	10	1	2	1	833.662	904.929
112	10	2	2	1	835.481	899.493
112	10	3	2	1	835.506	906.702
112	10	4	2	1	835.863	912.201
112	10	5	2	1	831.752	906.527
112	10	6	2	1	831.526	908.475
112	10	7	2	1	834.725	907.777
112	10	8	2	1	834.074	909.211
112	10	9	2	1	830.812	903.542
112	10	10	2	1	830.752	896.219
112	10	11	2	1	828.029	894.887
112	10	12	2	1	834.977	901.189
112	10	13	2	1	832.512	894.407
112	10	14	2	1	844.33	903.044
112	10	15	2	1	832.488	900.232
# YP3-D
112	11	0	2	1	834.578	903.593
112	11	1	2	1	830.274	901.18
112	11	2	2	1	830.686	904.075
112	11	3	2	1	842.293	913.315
112	11	4	2	1	831.366	905.553
112	11	5	2	1	836.585	909.173
112	11	6	2	1	835.562	909.944
112	11	7	2	1	836.418	911.295
112	11	8	2	1	831.805	906.435
112	11	9	2	1	835.893	902.112
112	11	10	2	1	833.911	898.256
112	11	11	2	1	834.056	902.698
112	11	12	2	1	833.462	896.117
112	11	13	2	1	836.824	899.746
112	11	14	2	1	828.086	890.028
112	11	15	2	1	833.042	891.437
# X4-D
112	12	0	2	1	832.814	914.473
112	12	1	2	1	832.921	905.127
112	12	2	2	1	829.054	906.782
112	12	3	2	1	835.795	909.53
112	12	4	2	1	839.666	910.441
112	12	5	2	1	831.587	896.816
112	12	6	2	1	842.879	905.267
112	12	7	2	1	838.319	911.681
112	12	8	2	1	833.83	907.123
112	12	9	2	1	836.497	904.915
112	12	10	2	1	840.413	915.071
112	12	11	2	1	835.323	903.334
112	12	12	2	1	837.517	911.569
112	12	13	2	1	834.236	904.704
112	12	14	2	1	831.888	899.766
112	12	15	2	1	834.034	906.156
112	12	16	2	1	813.574	881.491
112	12	17	2	1	805.866	870.551
112	12	18	2	1	802.178	873.575
112	12	19	2	1	815.187	890.51
112	12	20	2	1	813.735	885.404
112	12	21	2	1	796.963	866.61
112	12	22	2	1	814.044	882.052
112	12	23	2	1	810.437	878.625
112	12	24	2	1	814.042	887.963
112	12	25	2	1	816.159	877.486
112	12	26	2	1	805.42	871.796
112	12	27	2	1	810.003	879.731
112	12	28	2	1	802.283	868.259
112	12	29	2	1	804.129	879.002
112	12	30	2	1	806.061	873.184
112	12	31	2	1	802.83	877.772
# XP4-D
112	13	0	2	1	838.974	920.607
112	13	1	2	1	831.523	908.294
112	13	2	2	1	825.638	898.918
112	13	3	2	1	831.909	901.2
112	13	4	2	1	836.066	903.434
112	13	5	2	1	828.434	894.171
112	13	6	2	1	839.585	908.102
112	13	7	2	1	833.991	905.92
112	13	8	2	1	840.414	907.419
112	13	9	2	1	841.019	915.518
112	13	10	2	1	836.509	911.45
112	13	11	2	1	841.447	915.277
112	13	12	2	1	840.183	907.988
112	13	13	2	1	838.611	908.29
112	13	14	2	1	833.98	904.144
112	13	15	2	1	836.793	909.326
112	13	16	2	1	808.935	875.31
112	13	17	2	1	819.997	887.516
112	13	18	2	1	802.016	874.606
112	13	19	2	1	805.627	880.26
112	13	20	2	1	808.333	879.38
112	13	21	2	1	809.573	877.07
112	13	22	2	1	807.146	881.982
112	13	23	2	1	801.003	876.099
112	13	24	2	1	806.488	883.608
112	13	25	2	1	809.668	883.682
112	13	26	2	1	813.379	885.082
112	13	27	2	1	813.122	887.459
112	13	28	2	1	811.253	876.295
112	13	29	2	1	811.641	886.457
112	13	30	2	1	808.165	883.686
112	13	31	2	1	808.711	887.166
# Y4-D
112	14	0	2	1	804.167	866.13
112	14	1	2	1	801.851	870.791
112	14	2	2	1	803.073	869.527
112	14	3	2	1	804.974	871.153
112	14	4	2	1	801.828	875.589
112	14	5	2	1	805.525	877.112
112	14	6	2	1	800.753	870.314
112	14	7	2	1	808.685	879.637
112	14	8	2	1	801.317	867.132
112	14	9	2	1	802.291	868.964
112	14	10	2	1	809.405	875.796
112	14	11	2	1	801.387	872.014
112	14	12	2	1	804.579	867.668
112	14	13	2	1	790.008	860.008
112	14	14	2	1	796.044	864.023
112	14	15	2	1	805.368	866.648
# YP4-D
112	15	0	2	1	801.776	830.043
112	15	1	2	1	800.389	857.662
112	15	2	2	1	804.031	873.272
112	15	3	2	1	800.067	874.007
112	15	4	2	1	804.23	872.346
112	15	5	2	1	800.15	864.799
112	15	6	2	1	804.317	873.289
112	15	7	2	1	798.938	873.552
112	15	8	2	1	804.331	876.455
112	15	9	2	1	801.928	873.154
112	15	10	2	1	801.158	868.766
112	15	11	2	1	802.958	872.163
112	15	12	2	1	800.866	868.598
112	15	13	2	1	806.729	877.377
112	15	14	2	1	804.778	870.571
112	15	15	2	1	799.431	854.694
# X5-D
112	16	0	2	1	795.464	863.267
112	16	1	2	1	793.011	860.215
112	16	2	2	1	790.109	856.236
112	16	3	2	1	795.065	861.903
112	16	4	2	1	799.828	861.959
112	16	5	2	1	795.442	864.869
112	16	6	2	1	802.842	865.634
112	16	7	2	1	789.641	864.897
112	16	8	2	1	797.503	873.325
112	16	9	2	1	796.393	870.878
112	16	10	2	1	790.83	864.297
112	16	11	2	1	787.197	852.264
112	16	12	2	1	793.629	867.069
112	16	13	2	1	797.136	878.293
112	16	14	2	1	790.28	860.724
112	16	15	2	1	795.796	866.679
112	16	16	2	1	834.799	907.796
112	16	17	2	1	831.432	900.482
112	16	18	2	1	829.719	903.323
112	16	19	2	1	832.091	908.212
112	16	20	2	1	835.876	908.371
112	16	21	2	1	825.733	899.702
112	16	22	2	1	835.924	908.251
112	16	23	2	1	832.362	903.179
112	16	24	2	1	828.951	891.821
112	16	25	2	1	828.076	897.768
112	16	26	2	1	830.226	887.122
112	16	27	2	1	829.885	900.667
112	16	28	2	1	826.072	899.022
112	16	29	2	1	838.08	906.616
112	16	30	2	1	836.214	904.07
112	16	31	2	1	835.145	911.526
# XP5-D
112	17	0	2	1	801.103	869.325
112	17	1	2	1	789.703	857.339
112	17	2	2	1	796.775	864.265
112	17	3	2	1	793.921	864.477
112	17	4	2	1	795.983	862.279
112	17	5	2	1	799.55	865.859
112	17	6	2	1	799.868	872.305
112	17	7	2	1	796.519	873.846
112	17	8	2	1	800.85	871.004
112	17	9	2	1	792.62	868.553
112	17	10	2	1	791.439	870.407
112	17	11	2	1	789.319	862.424
112	17	12	2	1	796.941	876.765
112	17	13	2	1	791.104	868.05
112	17	14	2	1	799.164	867.288
112	17	15	2	1	796.191	870.712
112	17	16	2	1	831.591	901.562
112	17	17	2	1	835.017	896.534
112	17	18	2	1	829.552	901.971
112	17	19	2	1	828.907	899.759
112	17	20	2	1	827.327	896.804
112	17	21	2	1	832.706	904.19
112	17	22	2	1	825.132	898.375
112	17	23	2	1	829.972	900.184
112	17	24	2	1	828.054	898.984
112	17	25	2	1	839.559	909.999
112	17	26	2	1	837.616	899.564
112	17	27	2	1	830.736	890.523
112	17	28	2	1	844.608	912.684
112	17	29	2	1	826.059	894.012
112	17	30	2	1	830.463	895.795
112	17	31	2	1	822.97	897.353
# Y5-D
112	18	0	2	1	815.414	885.013
112	18	1	2	1	831.355	900.27
112	18	2	2	1	820.358	890.899
112	18	3	2	1	827.981	896.475
112	18	4	2	1	827.961	895.809
112	18	5	2	1	821.667	894.348
112	18	6	2	1	822.445	893.766
112	18	7	2	1	819.904	888.019
112	18	8	2	1	821.202	905.273
112	18	9	2	1	819.03	886.088
112	18	10	2	1	827.711	895.047
112	18	11	2	1	830.063	898.133
112	18	12	2	1	812.631	871.383
112	18	13	2	1	825.223	888.764
112	18	14	2	1	819.51	883.419
112	18	15	2	1	820.827	878.14
# YP5-D
112	19	0	2	1	824.15	890.003
112	19	1	2	1	830.079	899.578
112	19	2	2	1	824.432	896.155
112	19	3	2	1	822.138	895.83
112	19	4	2	1	825.266	897.195
112	19	5	2	1	820.252	894.737
112	19	6	2	1	818.34	891.448
112	19	7	2	1	827.302	897.862
112	19	8	2	1	826.505	900.925
112	19	9	2	1	824.015	894.069
112	19	10	2	1	822.587	892.488
112	19	11	2	1	826.58	894.965
112	19	12	2	1	812.399	878.993
112	19	13	2	1	827.766	895.45
112	19	14	2	1	828.475	889.698
112	19	15	2	1	815.631	877.664
# X6-D
112	20	0	2	1	823.034	893.736
112	20	1	2	1	818.875	878.352
112	20	2	2	1	822.191	882.643
112	20	3	2	1	821.42	884.38
112	20	4	2	1	824.088	886.577
112	20	5	2	1	824.316	889.035
112	20	6	2	1	821.827	892.112
112	20	7	2	1	823.152	888.685
112	20	8	2	1	817.545	892.327
112	20	9	2	1	816.614	885.751
112	20	10	2	1	820.527	891.793
112	20	11	2	1	820.057	885.252
112	20	12	2	1	814.687	881.419
112	20	13	2	1	815.907	887.154
112	20	14	2	1	810.254	876.934
112	20	15	2	1	821.95	890.353
112	20	16	2	1	826.448	897.268
112	20	17	2	1	830.8	900.488
112	20	18	2	1	831.982	902.563
112	20	19	2	1	829.52	899.611
112	20	20	2	1	839.472	912.285
112	20	21	2	1	827.468	898.283
112	20	22	2	1	825.182	896.854
112	20	23	2	1	830.716	900.629
112	20	24	2	1	833.093	901.204
112	20	25	2	1	819.778	883.845
112	20	26	2	1	828.857	891.367
112	20	27	2	1	829.05	889.204
112	20	28	2	1	826.494	889.024
112	20	29	2	1	820.594	886.319
112	20	30	2	1	824.25	889.139
112	20	31	2	1	827.072	891.321
# XP6-D
112	21	0	2	1	829.245	893.681
112	21	1	2	1	820.052	885.503
112	21	2	2	1	819.727	882.031
112	21	3	2	1	820.032	890.765
112	21	4	2	1	812.356	879.096
112	21	5	2	1	819.804	883.809
112	21	6	2	1	817.729	885.523
112	21	7	2	1	824.644	896.851
112	21	8	2	1	819.606	888.896
112	21	9	2	1	820.361	888.311
112	21	10	2	1	824.068	893.066
112	21	11	2	1	817.078	892.571
112	21	12	2	1	815.793	890.561
112	21	13	2	1	822.366	893.867
112	21	14	2	1	817.301	886.22
112	21	15	2	1	820.438	894.6
112	21	16	2	1	826.823	893.413
112	21	17	2	1	838.491	903.207
112	21	18	2	1	826.049	892.163
112	21	19	2	1	832.669	904.541
112	21	20	2	1	830.748	901.09
112	21	21	2	1	828.706	895.169
112	21	22	2	1	822.696	890.52
112	21	23	2	1	831.163	896.179
112	21	24	2	1	831.35	898.912
112	21	25	2	1	834.619	896.622
112	21	26	2	1	825.333	883.86
112	21	27	2	1	825.95	885.721
112	21	28	2	1	832.23	895.264
112	21	29	2	1	829.627	892.676
112	21	30	2	1	821.312	885.865
112	21	31	2	1	822.273	888.908
# Y6-D
112	22	0	2	1	846.455	914.058
112	22	1	2	1	836.783	902.021
112	22	2	2	1	851.905	924.751
112	22	3	2	1	836.764	904.973
112	22	4	2	1	849.645	918.867
112	22	5	2	1	842.422	910.694
112	22	6	2	1	848.674	918.838
112	22	7	2	1	845.859	913.641
112	22	8	2	1	840.709	911.414
112	22	9	2	1	848.069	910.975
112	22	10	2	1	840.96	903.188
112	22	11	2	1	834.356	895.343
112	22	12	2	1	849.832	910.129
112	22	13	2	1	849.86	912.958
112	22	14	2	1	849.928	917.003
112	22	15	2	1	838.779	902.837
# YP6-D
112	23	0	2	1	844.388	906.485
112	23	1	2	1	840.615	903.678
112	23	2	2	1	847.158	914.847
112	23	3	2	1	847.592	909.175
112	23	4	2	1	844.627	915.371
112	23	5	2	1	846.689	910.699
112	23	6	2	1	852.707	921.738
112	23	7	2	1	845.186	913.444
112	23	8	2	1	848.727	917.817
112	23	9	2	1	841.667	905.075
112	23	10	2	1	850.911	910.855
112	23	11	2	1	846.62	911.682
112	23	12	2	1	839.695	897.26
112	23	13	2	1	839.223	899.504
112	23	14	2	1	841.335	900.203
112	23	15	2	1	845.104	901.862
# X7-D
112	24	0	2	1	814.348	886.431
112	24	1	2	1	817.192	882.51
112	24	2	2	1	811.472	878.168
112	24	3	2	1	811.246	883.22
112	24	4	2	1	811.584	883.863
112	24	5	2	1	818.468	888.443
112	24	6	2	1	817.987	886.527
112	24	7	2	1	815.447	890.333
112	24	8	2	1	818.15	892.266
112	24	9	2	1	817.277	892.154
112	24	10	2	1	817.515	886.462
112	24	11	2	1	815.454	887.22
112	24	12	2	1	817.825	894.45
112	24	13	2	1	814.075	891.94
112	24	14	2	1	813.966	885.673
112	24	15	2	1	820.398	894.5
112	24	16	2	1	829.43	903.498
112	24	17	2	1	826.725	900.586
112	24	18	2	1	831.045	902.569
112	24	19	2	1	826.704	898.837
112	24	20	2	1	826.602	894.83
112	24	21	2	1	825.652	900.017
112	24	22	2	1	821.991	892.121
112	24	23	2	1	817.6	882.727
112	24	24	2	1	828.291	890.06
112	24	25	2	1	819.559	883.948
112	24	26	2	1	826.659	892.4
112	24	27	2	1	828.04	895.31
112	24	28	2	1	825.179	892.654
112	24	29	2	1	818.184	887.665
112	24	30	2	1	826.031	897.59
112	24	31	2	1	822.162	897.747
# XP7-D
112	25	0	2	1	817.886	884.577
112	25	1	2	1	815.515	888.851
112	25	2	2	1	823.152	899.134
112	25	3	2	1	818.005	886.548
112	25	4	2	1	808.162	877.597
112	25	5	2	1	808.961	882.722
112	25	6	2	1	817.528	891.774
112	25	7	2	1	820.277	889.47
112	25	8	2	1	815.277	891.833
112	25	9	2	1	816.748	894.011
112	25	10	2	1	818.141	893.508
112	25	11	2	1	819.652	896.476
112	25	12	2	1	812.801	888.229
112	25	13	2	1	816.944	889.729
112	25	14	2	1	820.303	895.16
112	25	15	2	1	822.406	895.245
112	25	16	2	1	825.246	907.339
112	25	17	2	1	829.129	897.699
112	25	18	2	1	825.77	895.894
112	25	19	2	1	823.909	894.308
112	25	20	2	1	823.837	892.724
112	25	21	2	1	822.274	889.83
112	25	22	2	1	823.913	894.895
112	25	23	2	1	819.229	887.149
112	25	24	2	1	826.551	892.641
112	25	25	2	1	824.78	889.724
112	25	26	2	1	826.739	890.448
112	25	27	2	1	829.546	892.53
112	25	28	2	1	820.642	887.416
112	25	29	2	1	820.337	890.169
112	25	30	2	1	823.612	896.098
112	25	31	2	1	817.222	891.748
# Y7-D
112	26	0	2	1	827.828	897.475
112	26	1	2	1	831.751	902.115
112	26	2	2	1	832.325	901.757
112	26	3	2	1	832.042	907.16
112	26	4	2	1	837.377	893.353
112	26	5	2	1	836.391	909.816
112	26	6	2	1	829.27	897.05
112	26	7	2	1	824.995	893.499
112	26	8	2	1	828.629	902.32
112	26	9	2	1	827.698	898.57
112	26	10	2	1	829.62	901.145
112	26	11	2	1	831.078	897.97
112	26	12	2	1	831.83	897.968
112	26	13	2	1	833.701	896.495
112	26	14	2	1	823.817	892.06
112	26	15	2	1	823.663	889.464
# YP7-D
112	27	0	2	1	826.956	895.99
112	27	1	2	1	834.373	903.276
112	27	2	2	1	834.995	906.536
112	27	3	2	1	823.664	896.632
112	27	4	2	1	828.933	898.955
112	27	5	2	1	826.61	897.004
112	27	6	2	1	835.708	909.713
112	27	7	2	1	832.155	904.092
112	27	8	2	1	838.487	903.107
112	27	9	2	1	832.23	894.334
112	27	10	2	1	827.437	897.588
112	27	11	2	1	824.43	886.553
112	27	12	2	1	832.155	891.786
112	27	13	2	1	831.351	894.142
112	27	14	2	1	832.234	899.154
112	27	15	2	1	829.075	889.379
# X8-D
112	28	0	2	1	815.963	887.362
112	28	1	2	1	815.909	888.978
112	28	2	2	1	816.86	888.589
112	28	3	2	1	809.369	882.412
112	28	4	2	1	806.25	878.145
112	28	5	2	1	810.514	885.548
112	28	6	2	1	819.435	891.299
112	28	7	2	1	813.479	884.169
112	28	8	2	1	810.368	892.004
112	28	9	2	1	817.178	900.976
112	28	10	2	1	803.643	886.162
112	28	11	2	1	812.303	891.549
112	28	12	2	1	810.653	890.372
112	28	13	2	1	819.557	900.365
112	28	14	2	1	809.505	885.73
112	28	15	2	1	812.334	894.124
112	28	16	2	1	821.773	906.907
112	28	17	2	1	829.804	911.195
112	28	18	2	1	826.625	911.647
112	28	19	2	1	827.515	915.27
112	28	20	2	1	826.123	915.483
112	28	21	2	1	827.926	910.67
112	28	22	2	1	833.016	917.411
112	28	23	2	1	828.584	914.686
112	28	24	2	1	831.565	917.456
112	28	25	2	1	833.595	913.054
112	28	26	2	1	833.644	914.87
112	28	27	2	1	829.262	911.474
112	28	28	2	1	829.145	905.929
112	28	29	2	1	837.36	908.042
112	28	30	2	1	829.225	904.147
112	28	31	2	1	834.761	913.77
# XP8-D
112	29	0	2	1	807.385	878.585
112	29	1	2	1	813.342	882.072
112	29	2	2	1	812.116	887.751
112	29	3	2	1	813.985	885.73
112	29	4	2	1	811.054	893.248
112	29	5	2	1	805.192	882.105
112	29	6	2	1	807.885	889.871
112	29	7	2	1	806.147	888.956
112	29	8	2	1	816.15	895.661
112	29	9	2	1	815.345	899.707
112	29	10	2	1	812.045	896.094
112	29	11	2	1	811.623	899.574
112	29	12	2	1	818.758	897.758
112	29	13	2	1	809.457	889.82
112	29	14	2	1	810.283	884.737
112	29	15	2	1	812.268	893.717
112	29	16	2	1	831.325	916.687
112	29	17	2	1	831.895	912.458
112	29	18	2	1	829.94	911.176
112	29	19	2	1	832.236	915.492
112	29	20	2	1	828.95	917.857
112	29	21	2	1	824.032	908.018
112	29	22	2	1	826.802	907.527
112	29	23	2	1	828.904	912.635
112	29	24	2	1	830.022	913.254
112	29	25	2	1	823.638	901.609
112	29	26	2	1	831.627	906.582
112	29	27	2	1	830.481	905.095
112	29	28	2	1	825.193	906.153
112	29	29	2	1	830.208	908.836
112	29	30	2	1	828	897.961
112	29	31	2	1	834.269	910.369
# Y8-D
112	30	0	2	1	821.868	899.884
112	30	1	2	1	826.883	907.905
112	30	2	2	1	824.955	905.27
112	30	3	2	1	823.644	908.025
112	30	4	2	1	828.271	914.629
112	30	5	2	1	817.483	897.03
112	30	6	2	1	827.239	909.115
112	30	7	2	1	826.138	905.516
112	30	8	2	1	823.71	903.727
112	30	9	2	1	820.645	899.618
112	30	10	2	1	823.625	895.966
112	30	11	2	1	821.049	897.512
112	30	12	2	1	824.377	898.957
112	30	13	2	1	824.539	897.145
112	30	14	2	1	820.185	881.709
112	30	15	2	1	820.278	886.929
# YP8-D
112	31	0	2	1	817.842	895.2
112	31	1	2	1	831.141	906.576
112	31	2	2	1	830.033	903.634
112	31	3	2	1	827.36	912.51
112	31	4	2	1	825.338	906.497
112	31	5	2	1	826.413	911.151
112	31	6	2	1	826.725	911.744
112	31	7	2	1	825.254	907.556
112	31	8	2	1	828.529	911.043
112	31	9	2	1	832.717	907.67
112	31	10	2	1	821.66	897.899
112	31	11	2	1	824.272	894.43
112	31	12	2	1	824.053	893.05
112	31	13	2	1	828.193	898.432
112	31	14	2	1	830.87	901.065
112	31	15	2	1	824.26	892.468
# X9-D
112	32	0	2	1	808.426	880.798
112	32	1	2	1	805.678	877.366
112	32	2	2	1	809.623	878.032
112	32	3	2	1	803.973	883.858
112	32	4	2	1	804.069	875.581
112	32	5	2	1	813.858	876.737
112	32	6	2	1	808.03	881.764
112	32	7	2	1	808.145	890.923
112	32	8	2	1	808.732	890.162
112	32	9	2	1	806.918	884.901
112	32	10	2	1	805.459	892.219
112	32	11	2	1	804.312	882.1
112	32	12	2	1	807.612	888.042
112	32	13	2	1	809.002	888.215
112	32	14	2	1	812.413	890.837
112	32	15	2	1	807.571	890.053
112	32	16	2	1	825.089	905.13
112	32	17	2	1	820.989	893.081
112	32	18	2	1	817.399	900.482
112	32	19	2	1	830.454	904.437
112	32	20	2	1	827.397	905.357
112	32	21	2	1	823.773	907.328
112	32	22	2	1	822.408	906.63
112	32	23	2	1	816.739	895.692
112	32	24	2	1	822.393	897.566
112	32	25	2	1	824.675	901.064
112	32	26	2	1	827.224	894.446
112	32	27	2	1	829.907	899.911
112	32	28	2	1	823.01	889.825
112	32	29	2	1	823.378	893.994
112	32	30	2	1	821.13	887.162
112	32	31	2	1	818.31	887.158
# XP9-D
112	33	0	2	1	802.522	876.157
112	33	1	2	1	800.713	875.593
112	33	2	2	1	808.258	880.237
112	33	3	2	1	806.298	875.653
112	33	4	2	1	805.432	882.918
112	33	5	2	1	812.697	881.071
112	33	6	2	1	809.032	881.061
112	33	7	2	1	808.509	891.424
112	33	8	2	1	807.263	893.59
112	33	9	2	1	801.716	881.799
112	33	10	2	1	810.453	892.189
112	33	11	2	1	809.488	899.544
112	33	12	2	1	811.981	898.819
112	33	13	2	1	805.726	891.883
112	33	14	2	1	807.351	889.363
112	33	15	2	1	810.751	895.39
112	33	16	2	1	823.784	900.779
112	33	17	2	1	818.688	896.106
112	33	18	2	1	826.056	900.166
112	33	19	2	1	827.511	906.642
112	33	20	2	1	823.576	904.431
112	33	21	2	1	821.184	905.041
112	33	22	2	1	829.744	911.795
112	33	23	2	1	816.262	899.52
112	33	24	2	1	820.003	899.627
112	33	25	2	1	825.762	908.766
112	33	26	2	1	817.875	887.336
112	33	27	2	1	822.315	902.823
112	33	28	2	1	826.711	897.686
112	33	29	2	1	829.932	904.46
112	33	30	2	1	821.687	889.555
112	33	31	2	1	817.139	889.806
# Y9-D
112	34	0	2	1	804.678	878.29
112	34	1	2	1	815.534	892.138
112	34	2	2	1	804.265	877.029
112	34	3	2	1	817.822	896.217
112	34	4	2	1	808.229	882.05
112	34	5	2	1	819.95	891.58
112	34	6	2	1	815.738	882.688
112	34	7	2	1	806.411	878.311
112	34	8	2	1	809.925	880.025
112	34	9	2	1	808.479	872.758
112	34	10	2	1	805.256	868.75
112	34	11	2	1	813.612	882.942
112	34	12	2	1	809.055	876.452
112	34	13	2	1	808.501	876.02
112	34	14	2	1	805.399	864.968
112	34	15	2	1	803.981	869.637
# YP9-D
112	35	0	2	1	812.499	890.622
112	35	1	2	1	812.05	885.65
112	35	2	2	1	809.001	884.881
112	35	3	2	1	810.696	888.84
112	35	4	2	1	814.952	885.781
112	35	5	2	1	813.519	886.725
112	35	6	2	1	808.872	881.065
112	35	7	2	1	808.875	883.685
112	35	8	2	1	812.188	889.365
112	35	9	2	1	809.051	875.236
112	35	10	2	1	807.654	875.435
112	35	11	2	1	807.913	872.748
112	35	12	2	1	815.156	881.68
112	35	13	2	1	812.011	876.478
112	35	14	2	1	809.62	869.069
112	35	15	2	1	809.064	878.11
#########################################################
# ParaBGO TMC Tdc                                       #
#########################################################
702	0	0	1	0	181000	-0.0009765625
